Project ID,Group ID,Average Value,Value Standard Deviation
apexDDM,yes,133.225,389.3307711638009
apexDDM,no,238.50212765957446,901.6321907753099
ariesjpaDDMTable,yes,0.875,3.1755904962699457
ariesjpaDDMTable,no,1.3659574468085107,7.690427224270848
avroDDMTable,yes,27.9125,64.52483896725356
avroDDMTable,no,48.39148936170213,153.66501260137818
axiomDDMTable,yes,5.347513135467298,14.618244417033385
axiomDDMTable,no,228.24823876202015,2351.482874125791
bigtopDDM,yes,0.0,0.0
bigtopDDM,no,0.01702127659574468,0.1588779123625067
calciteDDM,yes,38.613586956521736,176.98952381524546
calciteDDM,no,80.24468085106383,260.01479647627764
commonsDaemonDDMTable,yes,4.0375,26.927422709015442
commonsDaemonDDMTable,no,9.446453900709221,43.025516088787185
commonsJexlDDMTable,yes,4.9375,17.837701470481
commonsJexlDDMTable,no,258.7608114801223,1778.9296844022163
deltaSpikeddmTable,yes,23.025,61.91505774042373
deltaSpikeddmTable,no,39.97021276595745,141.9864661139547
fileUploadDDMTable,yes,3.575,19.382837124631674
fileUploadDDMTable,no,10.225531914893617,51.95771794935081
fileUploadDDMTable,yes,3.575,19.382837124631674
fileUploadDDMTable,no,10.225531914893617,51.95771794935081
helixDDMTable,yes,64.1125,320.9471137800588
helixDDMTable,no,152.7191489361702,602.6133422615336
httpDDMTable,yes,78.375,295.4005067277306
httpDDMTable,no,87.69787234042553,367.8015396224776
JCSDDM,yes,8.2625,29.991558708243215
JCSDDM,no,22.970212765957445,81.71827034675535
langDDMTable,yes,65.575,280.6290155614705
langDDMTable,no,99.70638297872341,357.67200439119506
loggingDDMTable,yes,4.95,24.725442362069113
loggingDDMTable,no,5.8,23.309353432620302
mahoutDDMTable,yes,9.9125,23.57286244286002
mahoutDDMTable,no,31.625531914893617,97.21980025122086
mathDDM,yes,49.55,167.77439464948156
mathDDM,no,187.6468085106383,1399.840771621568
minaDDM,yes,132.525,487.0353420184204
minaDDM,no,176.80322131560555,546.7354536923274
netDDM,yes,32.4625,91.05080226856876
netDDM,no,282.16595744680853,1203.9146158450594
olingoDDMTable,yes,25.0625,88.75561161836472
olingoDDMTable,no,42.1531914893617,124.02032237562867
openMeetingsDDMTable,yes,9.875,30.79747351650781
openMeetingsDDMTable,no,40.08510638297872,141.84004022920573
poolDDM,yes,5.9,21.54680950860242
poolDDM,no,128.99148936170212,695.6251619119447
rollerDDMTable,yes,72.8125,266.04755654534773
rollerDDMTable,no,76.28085106382979,257.5797291468416
stormDDMTable,yes,95.6,373.3966925402527
stormDDMTable,no,299.26808510638296,1213.6070626848139
tikaDDMTable,yes,213.8875,622.5400989845957
tikaDDMTable,no,317.1787234042553,783.0847797737252
tobagoDDMTable,yes,24.2125,68.02751166807445
tobagoDDMTable,no,86.2872340425532,356.979931861616
velocityDDMTable,yes,32.875,216.43575114800234
velocityDDMTable,no,183.24539007092199,2078.371176851521
