Project ID,Version,Yes,No,Total Lines Touched
apexDDM,"v3.0.0-RC1",419.0,2321.0,119
apexDDM,"v3.0.0-RC2",419.0,2320.0,1053
apexDDM,"v3.0.0-RC3",422.0,2284.0,402
apexDDM,"v3.0.0-RC4",423.0,2289.0,443
apexDDM,"v3.0.0-RC5",423.0,2289.0,31
apexDDM,"v3.0.0-RC6",425.0,2286.0,79
apexDDM,"v3.0.0-RC7",425.0,2288.0,0
apexDDM,"v3.0.0",425.0,2288.0,7946
apexDDM,"v3.1.1-RC2",427.0,2302.0,8875
apexDDM,"v3.2.0-incubating-RC1",860.0,4658.0,2
apexDDM,"v3.2.0-incubating",439.0,2355.0,0
apexDDM,"v3.2.0-incubating-RC2",439.0,2355.0,15650
apexDDM,"v3.3.0-incubating-RC1",442.0,2387.0,0
apexDDM,"v3.3.0-incubating",442.0,2387.0,0
apexDDM,"v3.3.0-incubating-RC2",442.0,2387.0,2736
apexDDM,"v3.2.1-incubating",437.0,2355.0,0
apexDDM,"v3.2.1-incubating-RC1",437.0,2355.0,60608
apexDDM,"v3.4.0",396.0,1991.0,0
apexDDM,"v3.4.0-RC1",396.0,1991.0,6537
apexDDM,"v3.5.0",416.0,2041.0,0
apexDDM,"v3.5.0-RC1",416.0,2041.0,18946
apexDDM,"v3.6.0",427.0,2000.0,0
apexDDM,"v3.6.0-RC1",427.0,2000.0,4641
apexDDM,"v3.7.0",434.0,2078.0,0
ariesjpaDDMTable,"aries-jpa-2.2.0",33.0,114.0,1356
ariesjpaDDMTable,"aries-jpa-2.3.0",7.0,41.0,219
ariesjpaDDMTable,"aries-jpa-2.4.0",7.0,41.0,33
ariesjpaDDMTable,"aries-jpa-2.5.0",7.0,41.0,146
ariesjpaDDMTable,"aries-jpa-2.6.0",8.0,41.0,18
ariesjpaDDMTable,"aries-jpa-2.6.1",8.0,43.0,9731
avroDDMTable,"release-1.5.0-rc0",0.0,0.0,0
avroDDMTable,"release-1.5.0-rc1",0.0,0.0,0
avroDDMTable,"release-1.5.0-rc2",0.0,0.0,101
avroDDMTable,"release-1.5.0-rc3",0.0,0.0,0
avroDDMTable,"release-1.5.0",0.0,0.0,821
avroDDMTable,"release-1.5.1",0.0,0.0,3543
avroDDMTable,"release-1.5.2-rc0",0.0,0.0,0
avroDDMTable,"release-1.5.2-rc1",0.0,0.0,0
avroDDMTable,"release-1.5.2",0.0,0.0,210
avroDDMTable,"release-1.5.3",0.0,0.0,0
avroDDMTable,"release-1.5.4-rc0",0.0,0.0,0
avroDDMTable,"release-1.5.4",0.0,0.0,7040
avroDDMTable,"release-1.8.0-rc0",199.0,1024.0,348
avroDDMTable,"release-1.8.0-rc1",199.0,1025.0,0
avroDDMTable,"release-1.8.0-rc2",199.0,1025.0,50
avroDDMTable,"release-1.8.0-rc3",199.0,1028.0,0
avroDDMTable,"release-1.8.0",199.0,1028.0,6422
avroDDMTable,"release-1.8.1",199.0,1034.0,0
avroDDMTable,"release-1.8.1-rc1",199.0,1034.0,9673
avroDDMTable,"release-1.8.2-rc1",210.0,1042.0,7
avroDDMTable,"release-1.8.2-rc2",210.0,1044.0,0
avroDDMTable,"release-1.8.2-rc3",210.0,1044.0,0
avroDDMTable,"release-1.8.2",210.0,1044.0,0
axiomDDMTable,"1.2.6",76.0,1456.0,122
axiomDDMTable,"1.2.7",0.0,0.0,81599
axiomDDMTable,"1.2.8",108.0,1647.0,16634
axiomDDMTable,"1_2_2",61.0,1251.0,26070
axiomDDMTable,"1_2_3",59.0,1265.0,0
axiomDDMTable,"1_2_4",58.0,1276.0,10591
axiomDDMTable,"1_2_5",65.80105083738383,46743.33610907471,116435
bigtopDDM,"release-0.1.0-incubating",0.0,0.0,0
bigtopDDM,"release-0.1.0-incubating-RC2",0.0,0.0,8
bigtopDDM,"release-0.2.0-incubating-RC0",0.0,0.0,0
bigtopDDM,"release-0.2.0-incubating-RC1",0.0,0.0,0
bigtopDDM,"release-0.2.0-incubating-RC2",0.0,0.0,1
bigtopDDM,"release-0.3.0-incubating-RC0",0.0,0.0,0
bigtopDDM,"release-0.3.0-incubating-RC1",0.0,0.0,0
bigtopDDM,"release-0.2.0-incubating",0.0,4.0,2
bigtopDDM,"release-0.3.0-incubating",0.0,0.0,72
bigtopDDM,"release-0.4.0-incubating-RC0",0.0,0.0,0
bigtopDDM,"release-0.4.0-incubating-RC1",0.0,0.0,39
bigtopDDM,"release-0.4.0-incubating-RC2",0.0,0.0,378
bigtopDDM,"release-0.5.0-RC0",0.0,0.0,93
bigtopDDM,"release-0.6.0",0.0,0.0,0
bigtopDDM,"release-0.6.0-RC1",0.0,0.0,0
bigtopDDM,"release-0.7.0-RC0",0.0,0.0,0
bigtopDDM,"release-0.7.0",0.0,0.0,0
bigtopDDM,"release-0.7.0-RC1",0.0,0.0,139
bigtopDDM,"release-0.8.0",0.0,0.0,1082
bigtopDDM,"release-1.0.0",0.0,0.0,1061
bigtopDDM,"rel/1.1.0",0.0,0.0,0
bigtopDDM,"release-1.1.0",0.0,0.0,208
bigtopDDM,"rel/1.2.0",0.0,0.0,0
bigtopDDM,"rel/1.2.0-RC1",0.0,0.0,0
bigtopDDM,"rel/release-1.2.0-RC1",0.0,0.0,4
bigtopDDM,"release-1.2.1-RC0",0.0,0.0,0
bigtopDDM,"release-1.2.1-RC1",0.0,0.0,0
bigtopDDM,"release-1.2.1-RC2",0.0,0.0,0
calciteDDM,"optiq-parent-0.4.17",49.0,200.0,21681
calciteDDM,"optiq-parent-0.4.12.4",761.0,2331.0,339958
calciteDDM,"optiq-0.9.0-incubating",0.0,0.0,39720
calciteDDM,"calcite-0.9.1-incubating",0.0,0.0,3324
calciteDDM,"calcite-0.9.2-incubating",3.0869565217391304,314.5,249511
calciteDDM,"calcite-1.0.0-incubating",0.0,0.0,8998
calciteDDM,"calcite-1.2.0-incubating",525.0,4799.0,8755
calciteDDM,"calcite-1.4.0-incubating",572.0,4783.0,24889
calciteDDM,"calcite-1.6.0-rc0",0.0,0.0,0
calciteDDM,"calcite-1.7.0",1179.0,6430.0,18914
calciteDDM,"calcite-avatica-1.8.0",0.0,0.0,3582
calciteDDM,"calcite-1.8.0",0.0,0.0,13288
calciteDDM,"calcite-1.9.0",0.0,0.0,1902
calciteDDM,"calcite-1.10.0",0.0,0.0,14094
calciteDDM,"calcite-avatica-1.9.0-rc0",0.0,0.0,650
calciteDDM,"calcite-avatica-1.9.0",0.0,0.0,0
calciteDDM,"calcite-avatica-1.9.0-rc1",0.0,0.0,9307
calciteDDM,"calcite-1.11.0",0.0,0.0,20852
calciteDDM,"calcite-1.12.0",0.0,0.0,119131
calciteDDM,"calcite-1.13.0",0.0,0.0,17104
calciteDDM,"calcite-1.14.0",0.0,0.0,10504
calciteDDM,"calcite-1.15.0",0.0,0.0,15919
calciteDDM,"calcite-1.16.0",0.0,0.0,31337
commonsDaemonDDMTable,"COMMONS_DAEMON_2_0_5",7.0,55.0,0
commonsDaemonDDMTable,"COMMONS_DAEMON_2_0_6",0.0,0.0,43
commonsDaemonDDMTable,"COMMONS_DAEMON_1_0_2_RC1",0.0,0.0,3
commonsDaemonDDMTable,"COMMONS_DAEMON_1_0_2_RC2",7.0,55.0,0
commonsDaemonDDMTable,"COMMONS_DAEMON_1_0_2",0.0,0.0,569
commonsDaemonDDMTable,"COMMONS_DAEMON_1_0_3_RC1",3.0,54.0,0
commonsDaemonDDMTable,"COMMONS_DAEMON_1_0_3_RC2",3.0,54.0,147
commonsDaemonDDMTable,"COMMONS_DAEMON_1_0_3_RC3",0.0,0.0,0
commonsDaemonDDMTable,"PRE_DAEMON_160",1.0,52.0,400
commonsDaemonDDMTable,"COMMONS_DAEMON_1_0_4_RC1",11.0,59.0,0
commonsDaemonDDMTable,"COMMONS_DAEMON_1_0_4",0.0,0.0,0
commonsDaemonDDMTable,"COMMONS_DAEMON_1_0_5_RC1",20.0,116.0,7
commonsDaemonDDMTable,"COMMONS_DAEMON_1_0_3",10.0,359.9166666666667,223
commonsDaemonDDMTable,"COMMONS_DAEMON_1_0_5",11.0,59.0,55
commonsDaemonDDMTable,"COMMONS_DAEMON_1_0_6_RC1",11.0,65.0,0
commonsDaemonDDMTable,"COMMONS_DAEMON_1_0_6",11.0,65.0,9
commonsDaemonDDMTable,"COMMONS_DAEMON_1_0_7_RC1",0.0,0.0,0
commonsDaemonDDMTable,"COMMONS_DAEMON_1_0_7",12.0,65.0,0
commonsDaemonDDMTable,"COMMONS_DAEMON_1_0_8_RC1",0.0,0.0,0
commonsDaemonDDMTable,"COMMONS_DAEMON_1_0_8",12.0,65.0,0
commonsDaemonDDMTable,"COMMONS_DAEMON_1_0_9_RC1",0.0,0.0,0
commonsDaemonDDMTable,"COMMONS_DAEMON_1_0_9",12.0,65.0,0
commonsDaemonDDMTable,"COMMONS_DAEMON_1_0_10_RC1",12.0,65.0,0
commonsDaemonDDMTable,"COMMONS_DAEMON_1_0_10_RC2",12.0,65.0,0
commonsDaemonDDMTable,"COMMONS_DAEMON_1_1_10_RC1",12.0,65.0,0
commonsDaemonDDMTable,"COMMONS_DAEMON_1_0_10",0.0,0.0,2
commonsDaemonDDMTable,"COMMONS_DAEMON_1_0_11_RC1",12.0,65.0,0
commonsDaemonDDMTable,"COMMONS_DAEMON_1_0_11",12.0,65.0,0
commonsDaemonDDMTable,"COMMONS_DAEMON_1_0_12_RC1",12.0,65.0,0
commonsDaemonDDMTable,"COMMONS_DAEMON_1_0_12",12.0,65.0,0
commonsDaemonDDMTable,"COMMONS_DAEMON_1_0_13_RC1",12.0,65.0,0
commonsDaemonDDMTable,"COMMONS_DAEMON_1_0_13",12.0,65.0,7
commonsDaemonDDMTable,"COMMONS_DAEMON_1_0_14_RC1",12.0,65.0,0
commonsDaemonDDMTable,"COMMONS_DAEMON_1_0_14",12.0,65.0,0
commonsDaemonDDMTable,"COMMONS_DAEMON_1_0_15_RC1",12.0,65.0,0
commonsDaemonDDMTable,"COMMONS_DAEMON_1_0_15",12.0,65.0,518
commonsDaemonDDMTable,"COMMONS_DAEMON_1_1_0_RC1",12.0,62.0,0
commonsDaemonDDMTable,"COMMONS_DAEMON_1_1_0_RC2",12.0,62.0,0
commonsDaemonDDMTable,"COMMONS_DAEMON_1_1_0_RC3",12.0,62.0,0
commonsJexlDDMTable,"COMMONS_JEXL_2_0_RC1",0.0,0.0,19
commonsJexlDDMTable,"COMMONS_JEXL_2_0_RC2",0.0,0.0,0
commonsJexlDDMTable,"COMMONS_JEXL_2_0_RC3",37.0,132.0,0
commonsJexlDDMTable,"COMMONS_JEXL_2_0-RC4",53.0,2790.85,183
commonsJexlDDMTable,"COMMONS_JEXL_2_0-RC5",0.0,0.0,1
commonsJexlDDMTable,"COMMONS_JEXL_2_0-RC6",35.0,100.0,5942
commonsJexlDDMTable,"COMMONS_JEXL_2_0_1-RC1",32.0,101.0,370
commonsJexlDDMTable,"COMMONS_JEXL_2_0_1-RC2",32.0,99.0,0
commonsJexlDDMTable,"COMMONS_JEXL_2_0_1-RC3",0.0,0.0,7386
commonsJexlDDMTable,"commons-jexl-2.1",34.0,154.0,411
commonsJexlDDMTable,"COMMONS_JEXL_2_1_RC1",0.0,0.0,23154
commonsJexlDDMTable,"COMMONS_JEXL_3_0-RC1",35.0,155.0,0
commonsJexlDDMTable,"COMMONS_JEXL_2_0_1",32.0,99.0,8210
commonsJexlDDMTable,"COMMONS_JEXL_2_1-RC2",35.0,175.0,0
commonsJexlDDMTable,"COMMONS_JEXL_2_1",0.0,0.0,0
commonsJexlDDMTable,"test",0.0,0.0,27
commonsJexlDDMTable,"COMMONS_JEXL_2_1_1-RC1",0.0,0.0,162
commonsJexlDDMTable,"COMMONS_JEXL_2_1-RC3",0.0,0.0,27
commonsJexlDDMTable,"test-ignore",35.0,175.0,0
commonsJexlDDMTable,"COMMONS_JEXL_2_1_1",0.0,0.0,0
commonsJexlDDMTable,"COMMONS_JEXL_2_0",0.0,56653.94069782875,8401
commonsJexlDDMTable,"COMMONS_JEXL_3_0-RC2",0.0,0.0,24433
commonsJexlDDMTable,"COMMONS_JEXL_3_0",0.0,0.0,4689
commonsJexlDDMTable,"COMMONS_JEXL_3_1-RC1",35.0,174.0,0
deltaSpikeddmTable,"deltaspike-root-1.3.0",112.0,566.0,3964
deltaSpikeddmTable,"deltaspike-1.4.0",112.0,592.0,983
deltaSpikeddmTable,"deltaspike-1.4.1",112.0,592.0,1799
deltaSpikeddmTable,"deltaspike-1.4.2",112.0,605.0,346
deltaSpikeddmTable,"deltaspike-1.5.0",113.0,606.0,1047
deltaSpikeddmTable,"deltaspike-1.5.1",114.0,614.0,914
deltaSpikeddmTable,"deltaspike-1.5.2",116.0,614.0,2937
deltaSpikeddmTable,"deltaspike-1.5.3",115.0,618.0,22
deltaSpikeddmTable,"deltaspike-1.5.4",115.0,618.0,1662
deltaSpikeddmTable,"deltaspike-1.6.0",132.0,644.0,1074
deltaSpikeddmTable,"deltaspike-1.6.1",128.0,648.0,1429
deltaSpikeddmTable,"deltaspike-1.7.0",137.0,654.0,330
deltaSpikeddmTable,"deltaspike-1.7.1",138.0,641.0,271
deltaSpikeddmTable,"deltaspike-1.7.2",140.0,651.0,1561
deltaSpikeddmTable,"deltaspike-1.8.1",146.0,730.0,643
fileUploadDDMTable,"commons-fileupload-1.2",4.0,73.0,0
fileUploadDDMTable,"commons-fileupload-1.2rc4",4.0,73.0,1028
fileUploadDDMTable,"commons-fileupload-1.2.1rc1",19.0,588.0,120
fileUploadDDMTable,"commons-fileupload-1.2.1rc2",7.0,83.0,0
fileUploadDDMTable,"commons-fileupload-1.2.1rc3",7.0,83.0,0
fileUploadDDMTable,"commons-fileupload-1.2.1rc4",7.0,83.0,0
fileUploadDDMTable,"commons-fileupload-1.2.1",7.0,83.0,621
fileUploadDDMTable,"commons-fileupload-1.2.2",21.0,431.0,33
fileUploadDDMTable,"FILEUPLOAD_1_3_RC2",15.0,69.0,0
fileUploadDDMTable,"FILEUPLOAD_1_3",15.0,69.0,985
fileUploadDDMTable,"FILEUPLOAD_1_3_1_RC1",15.0,64.0,0
fileUploadDDMTable,"FILEUPLOAD_1_3_1",15.0,64.0,23
fileUploadDDMTable,"FILEUPLOAD_1_3_2_RC1",15.0,64.0,627
fileUploadDDMTable,"commons-fileupload-1.3.2",15.0,64.0,0
fileUploadDDMTable,"commons-fileupload-1.3.2RC1",15.0,64.0,0
fileUploadDDMTable,"FILEUPLOAD_1_3_2",15.0,64.0,31
fileUploadDDMTable,"commons-fileupload-1.3.3-RC1",15.0,64.0,0
fileUploadDDMTable,"commons-fileupload-1.3.3-RC2",15.0,64.0,0
fileUploadDDMTable,"commons-fileupload-1.3.3-RC3",15.0,64.0,0
fileUploadDDMTable,"commons-fileupload-1.3.3-RC4",15.0,64.0,19
fileUploadDDMTable,"commons-fileupload-1.3.3-RC5",15.0,64.0,0
fileUploadDDMTable,"commons-fileupload-1.3.3",15.0,64.0,0
fileUploadDDMTable,"commons-fileupload-1.2",4.0,73.0,0
fileUploadDDMTable,"commons-fileupload-1.2rc4",4.0,73.0,1028
fileUploadDDMTable,"commons-fileupload-1.2.1rc1",19.0,588.0,120
fileUploadDDMTable,"commons-fileupload-1.2.1rc2",7.0,83.0,0
fileUploadDDMTable,"commons-fileupload-1.2.1rc3",7.0,83.0,0
fileUploadDDMTable,"commons-fileupload-1.2.1rc4",7.0,83.0,0
fileUploadDDMTable,"commons-fileupload-1.2.1",7.0,83.0,621
fileUploadDDMTable,"commons-fileupload-1.2.2",21.0,431.0,33
fileUploadDDMTable,"FILEUPLOAD_1_3_RC2",15.0,69.0,0
fileUploadDDMTable,"FILEUPLOAD_1_3",15.0,69.0,985
fileUploadDDMTable,"FILEUPLOAD_1_3_1_RC1",15.0,64.0,0
fileUploadDDMTable,"FILEUPLOAD_1_3_1",15.0,64.0,23
fileUploadDDMTable,"FILEUPLOAD_1_3_2_RC1",15.0,64.0,627
fileUploadDDMTable,"commons-fileupload-1.3.2",15.0,64.0,0
fileUploadDDMTable,"commons-fileupload-1.3.2RC1",15.0,64.0,0
fileUploadDDMTable,"FILEUPLOAD_1_3_2",15.0,64.0,31
fileUploadDDMTable,"commons-fileupload-1.3.3-RC1",15.0,64.0,0
fileUploadDDMTable,"commons-fileupload-1.3.3-RC2",15.0,64.0,0
fileUploadDDMTable,"commons-fileupload-1.3.3-RC3",15.0,64.0,0
fileUploadDDMTable,"commons-fileupload-1.3.3-RC4",15.0,64.0,19
fileUploadDDMTable,"commons-fileupload-1.3.3-RC5",15.0,64.0,0
fileUploadDDMTable,"commons-fileupload-1.3.3",15.0,64.0,0
helixDDMTable,"helix-0.6.0-incubating",438.0,2988.0,39307
helixDDMTable,"helix-0.6.1-incubating",0.0,0.0,90674
helixDDMTable,"helix-0.6.2-incubating",509.0,3389.0,43708
helixDDMTable,"helix-0.6.3",527.0,3409.0,41046
helixDDMTable,"helix-0.6.4",496.0,3144.0,200935
helixDDMTable,"helix-0.7.1",538.0,3668.0,53013
helixDDMTable,"helix-0.6.5",504.0,3188.0,9541
helixDDMTable,"helix-0.6.6",527.0,3497.0,1024
helixDDMTable,"helix-0.6.7",526.0,3492.0,5588
helixDDMTable,"helix-0.6.8",529.0,4476.0,5656
helixDDMTable,"helix-0.6.9",535.0,4638.0,138905
httpDDMTable,"4.0-alpha2",27.0,85.0,3175
httpDDMTable,"4.0-alpha3",38.0,130.0,10909
httpDDMTable,"4.0-alpha4",53.0,173.0,7916
httpDDMTable,"4.0-alpha5",62.0,179.0,8411
httpDDMTable,"4.0-alpha6",106.0,234.0,5388
httpDDMTable,"4.0-beta1",110.0,272.0,4572
httpDDMTable,"4.0-beta2",119.0,306.0,852
httpDDMTable,"4.0-beta3",118.0,316.0,8795
httpDDMTable,"4.0",119.0,292.0,39
httpDDMTable,"4.0.1",119.0,287.0,11653
httpDDMTable,"4.1-alpha1",118.0,305.0,1826
httpDDMTable,"4.1-beta1",120.0,349.0,14650
httpDDMTable,"4.1-beta2-RC1",119.0,366.0,0
httpDDMTable,"4.1-beta2-RC2",119.0,366.0,0
httpDDMTable,"4.1-beta2",119.0,366.0,228
httpDDMTable,"4.1-RC1",122.0,370.0,0
httpDDMTable,"4.1",122.0,370.0,0
httpDDMTable,"4.1-siteupdate",122.0,370.0,856
httpDDMTable,"4.1.1-RC1",122.0,369.0,0
httpDDMTable,"4.1.1-RC2",122.0,372.0,0
httpDDMTable,"4.1.1",122.0,372.0,436
httpDDMTable,"4.1.2-RC1",124.0,373.0,0
httpDDMTable,"4.1.2",0.0,0.0,4
httpDDMTable,"4.1.3-RC1",124.0,373.0,0
httpDDMTable,"httpcore-4.1.3-RC1",124.0,373.0,0
httpDDMTable,"4.1.3",124.0,373.0,14474
httpDDMTable,"4.2-alpha1-RC1",128.0,430.0,8604
httpDDMTable,"4.2-alpha2-RC1",140.0,484.0,0
httpDDMTable,"4.2-alpha1",128.0,430.0,8604
httpDDMTable,"4.2-alpha2",140.0,484.0,1375
httpDDMTable,"4.1.4-RC1",124.0,376.0,0
httpDDMTable,"4.1.4-RC2",124.0,376.0,22516
httpDDMTable,"4.2-beta1-RC1",145.0,512.0,154
httpDDMTable,"4.2-beta1-RC2",145.0,512.0,0
httpDDMTable,"4.2-beta1",145.0,512.0,2663
httpDDMTable,"4.2-RC1",157.0,582.0,1375
httpDDMTable,"4.1.4",124.0,376.0,24112
httpDDMTable,"4.2-RC2",0.0,0.0,0
httpDDMTable,"4.2-RC3",157.0,547.0,0
httpDDMTable,"4.2",157.0,547.0,194
httpDDMTable,"4.2.1-RC1",157.0,545.0,0
httpDDMTable,"4.2.1-RC2",157.0,545.0,0
httpDDMTable,"4.2.1",157.0,545.0,480
httpDDMTable,"4.2.2-RC1",157.0,545.0,0
httpDDMTable,"4.2.2-RC2",157.0,545.0,0
httpDDMTable,"4.2.2",157.0,545.0,87
httpDDMTable,"4.2.3-RC1",157.0,548.0,19492
httpDDMTable,"4.3-alpha1-RC1",168.0,776.0,894
httpDDMTable,"4.2.3",157.0,548.0,19492
httpDDMTable,"4.3-alpha1",168.0,776.0,1122
httpDDMTable,"4.2.4-RC1",0.0,0.0,35625
httpDDMTable,"4.3-beta1-RC1",170.0,782.0,1268
JCSDDM,"commons-jcs-2.0-RC1",103.0,832.0,70
JCSDDM,"commons-jcs-2.0-beta-2",113.0,897.0,1334
JCSDDM,"commons-jcs-2.0",89.0,726.0,5174
JCSDDM,"commons-jcs-2.1",89.0,728.0,5200
JCSDDM,"commons-jcs-2.2",89.0,735.0,3652
JCSDDM,"commons-jcs-2.2.1",89.0,740.0,0
JCSDDM,"commons-jcs-2.2.1-RC2",89.0,740.0,0
langDDMTable,"LANG_2_4_RC1",119.0,709.0,0
langDDMTable,"LANG_2_4_RC2",119.0,709.0,6
langDDMTable,"LANG_2_4_RC3",119.0,709.0,0
langDDMTable,"LANG_2_4",119.0,709.0,1175
langDDMTable,"LANG_2_5_RC1",122.0,719.0,118
langDDMTable,"LANG_2_5_RC2",122.0,719.0,4
langDDMTable,"LANG_2_5_RC3",122.0,717.0,4
langDDMTable,"LANG_2_5",122.0,717.0,0
langDDMTable,"LANG_2_5_COPY",122.0,717.0,10
langDDMTable,"LANG_2_6_RC1",124.0,683.0,5
langDDMTable,"LANG_2_6_RC2",124.0,683.0,0
langDDMTable,"LANG_2_6",124.0,683.0,0
langDDMTable,"LANG_2_6_REPACKAGED",124.0,683.0,12019
langDDMTable,"LANG_3_2_RC1",171.0,641.0,0
langDDMTable,"LANG_3_2_RC2",171.0,641.0,0
langDDMTable,"LANG_3_2",171.0,641.0,122
langDDMTable,"LANG_3_2_1_RC1",171.0,636.0,0
langDDMTable,"LANG_3_2_1",171.0,636.0,3528
langDDMTable,"LANG_3_3_RC1",173.0,653.0,0
langDDMTable,"LANG_3_3",0.0,0.0,270
langDDMTable,"LANG_3_3_1_RC1",172.0,655.0,0
langDDMTable,"LANG_3_3_1",172.0,655.0,467
langDDMTable,"LANG_3_3_2_RC1",172.0,655.0,0
langDDMTable,"LANG_3_3_2",172.0,655.0,7350
langDDMTable,"LANG_3_4_RC1",173.0,892.0,0
langDDMTable,"LANG_3_4_RC2",173.0,661.0,0
langDDMTable,"LANG_3_4",173.0,661.0,165264
langDDMTable,"LANG_3_5",182.0,677.0,0
langDDMTable,"LANG_3_5_RC1",182.0,677.0,144
langDDMTable,"LANG_3_5_RC2",182.0,677.0,45810
langDDMTable,"LANG_3_6",177.0,711.0,0
langDDMTable,"LANG_3_6_RC1",179.0,715.0,5487
langDDMTable,"LANG_3_6_RC2",179.0,713.0,33550
langDDMTable,"LANG_3_6_RC3",171.0,711.0,13
langDDMTable,"LANG_3_6_RC4",177.0,711.0,5197
langDDMTable,"LANG_3_7",0.0,0.0,0
loggingDDMTable,"commons-logging-1.1.1",44.0,171.0,3772
loggingDDMTable,"LOGGING_1_1_2_RC1",44.0,150.0,60
loggingDDMTable,"LOGGING_1_1_2_RC2",44.0,150.0,0
loggingDDMTable,"LOGGING_1_1_2",44.0,150.0,0
loggingDDMTable,"LOGGING_1_1_3_RC1",44.0,150.0,0
loggingDDMTable,"LOGGING_1_1_3_RC2",44.0,150.0,0
loggingDDMTable,"LOGGING_1_1_3",44.0,150.0,353
loggingDDMTable,"LOGGING_1_2_RC1",44.0,146.0,0
loggingDDMTable,"LOGGING_1_2_RC2",44.0,146.0,0
mahoutDDMTable,"mahout-collection-codegen-plugin-1.0",0.0,5.0,0
mahoutDDMTable,"mahout-collections-1.0",22.0,274.0,0
mahoutDDMTable,"mahout-0.7",168.0,1791.0,31193
mahoutDDMTable,"mahout-0.8",203.0,1926.0,36660
mahoutDDMTable,"mahout-0.10.0",191.0,1481.0,452
mahoutDDMTable,"mahout-0.10.1",209.0,1955.0,618
mathDDM,"MATH_2_0_RC1",144.0,2063.0,18847
mathDDM,"MATH_2_0_RC2",144.0,2063.0,18847
mathDDM,"MATH_2_0_RC3",144.0,2063.0,20679
mathDDM,"MATH_2_0_RC4",142.0,2062.0,0
mathDDM,"MATH_2_0",142.0,2062.0,35062
mathDDM,"MATH_2_1_RC1",143.0,1889.0,252
mathDDM,"MATH_2_1_RC2",143.0,1911.0,19263
mathDDM,"MATH_2_1_RC3",143.0,1911.0,0
mathDDM,"MATH_2_1",143.0,1911.0,25293
mathDDM,"MATH_2_2_RC1",162.0,2560.0,0
mathDDM,"MATH_2_2_RC2",162.0,2560.0,1690
mathDDM,"MATH_2_2_RC3",159.0,2473.0,0
mathDDM,"MATH_2_2_RC4",159.0,2473.0,0
mathDDM,"MATH_2_2_RC5",159.0,2473.0,0
mathDDM,"MATH_2_2_RC6",159.0,2473.0,0
mathDDM,"MATH_2_2",159.0,2473.0,339170
mathDDM,"MATH_3_0_RC1",265.0,1734.0,0
mathDDM,"trunk_tmp_2012-03-01",326.0,1750.0,397
mathDDM,"MATH_3_0_RC2",322.0,1731.0,57
mathDDM,"MATH_3_0_RC3",322.0,1731.0,0
mathDDM,"MATH_3_0",322.0,1731.0,41093
mathDDM,"MATH_3_1_RC1",0.0,0.0,24
mathDDM,"MATH_3_1_RC2",0.0,0.0,42
mathDDM,"MATH_3_1_RC3",0.0,0.0,0
mathDDM,"MATH_3_1_RC4",0.0,0.0,107
mathDDM,"MATH_3_1_RC5",0.0,0.0,0
mathDDM,"MATH_3_1",0.0,0.0,922
mathDDM,"MATH_3_1_1_RC1",0.0,0.0,0
mathDDM,"MATH_3_1_1",0.0,0.0,7801
mathDDM,"MATH_3_2_RC1",0.0,0.0,0
mathDDM,"MATH_3_2_RC2",0.0,0.0,20
mathDDM,"MATH_3_2_RC3",0.0,0.0,0
mathDDM,"MATH_3_2_RC4",0.0,0.0,154
mathDDM,"MATH_3_2_RC5",0.0,0.0,0
mathDDM,"MATH_3_2",0.0,0.0,15405
mathDDM,"MATH_3_3_RC1",0.0,0.0,551
mathDDM,"MATH_3_3_RC2",0.0,0.0,668
mathDDM,"MATH_3_3_RC3",0.0,0.0,0
mathDDM,"MATH_3_3",0.0,0.0,25842
mathDDM,"MATH_3_4_RC1",0.0,0.0,0
mathDDM,"MATH_3_4_RC2",0.0,0.0,4
mathDDM,"MATH_3_4",0.0,0.0,0
mathDDM,"MATH_3_4_RC3",0.0,0.0,19
mathDDM,"MATH_3_4_1_RC1",0.0,0.0,1643
mathDDM,"MATH_3_5_RC1",0.0,0.0,3
mathDDM,"MATH_3_5",0.0,0.0,0
mathDDM,"MATH_3_5_RC2",0.0,0.0,27111
mathDDM,"MATH_3_6_RC1",0.0,0.0,679
mathDDM,"MATH_3_6",0.0,0.0,0
mathDDM,"MATH_3_6_RC2",0.0,0.0,59
mathDDM,"MATH_3_6_1",0.0,0.0,0
minaDDM,"0.9.1",0.0,0.0,4795
minaDDM,"0.9.2",0.0,0.0,2797
minaDDM,"0.9.3",0.0,0.0,10641
minaDDM,"0.9.4",0.0,0.0,17265
minaDDM,"1.0.10",136.0,493.0,0
minaDDM,"1.0.6",233.0,730.0,414
minaDDM,"1.0.7",137.0,486.0,253
minaDDM,"1.0.8",137.0,486.0,172
minaDDM,"1.0.9",136.0,486.0,9155
minaDDM,"1.1.2",500.0,657.0,828
minaDDM,"1.1.3",284.0,449.0,478
minaDDM,"1.1.4",284.0,452.0,275
minaDDM,"1.1.5",274.0,452.0,207
minaDDM,"1.1.6",271.0,452.0,281
minaDDM,"1.1.7",271.0,459.0,86397
minaDDM,"2.0.0",351.0,1053.0,0
minaDDM,"2.0.0-M2",215.0,868.0,1400
minaDDM,"2.0.0-M3",224.0,888.0,7255
minaDDM,"2.0.0-M4",418.0,1036.0,2783
minaDDM,"2.0.0-M5",419.0,1037.0,6116
minaDDM,"2.0.0-M6",347.0,1046.0,11235
minaDDM,"2.0.0-RC1",344.0,1032.0,95701
minaDDM,"2.0.1",356.0,1052.0,213
minaDDM,"2.0.2",356.0,1054.0,4425
minaDDM,"2.0.3",359.0,1064.0,176
minaDDM,"2.0.4",359.0,1065.0,1632
minaDDM,"2.0.5",362.0,1079.0,13291
minaDDM,"2.0.6",371.0,1125.0,665
minaDDM,"2.0.7",390.0,11625.757009167306,1886
minaDDM,"3.0.0-M1",41.0,238.0,0
minaDDM,"mina-parent-3.0.0-M1",41.0,238.0,923
minaDDM,"3.0.0-M2",41.0,215.0,0
minaDDM,"2.0.9",361.0,1045.0,2331
minaDDM,"2.0.10",362.0,1044.0,5127
minaDDM,"2.0.11",313.0,958.0,356
minaDDM,"2.0.12",314.0,1001.0,47
minaDDM,"2.0.13",314.0,999.0,817
minaDDM,"2.0.14",321.0,1141.0,428
minaDDM,"2.0.15",320.0,1136.0,21
minaDDM,"2.0.16",320.0,1136.0,10226
minaDDM,"2.0.17",160.0,899.0,664
minaDDM,"2.0.18",160.0,872.0,303
netDDM,"NET_1_5_0",57.0,1315.0,3196
netDDM,"NET_2_0_RC2",128.0,1235.0,787
netDDM,"NET_2_0_RC3",128.0,1231.0,760
netDDM,"NET_2_0_RC_3",49.0,1222.0,11853
netDDM,"NET_2_0",43.0,1197.0,0
netDDM,"NET_2_0_RC_4",43.0,1197.0,0
netDDM,"NET_2_0_RC_5",43.0,1197.0,0
netDDM,"NET_1_5_0_RC1",46.0,1158.0,5688
netDDM,"NET_1_5_0_RC2",46.0,1158.0,5461
netDDM,"NET_1_5_0_RC3",46.0,1161.0,3196
netDDM,"NET_2_1_RC1",46.0,1198.0,0
netDDM,"NET_1_5_0_RC4",46.0,1161.0,3196
netDDM,"NET_2_1_RC_2",46.0,1199.0,0
netDDM,"NET_2_1_RC_3",46.0,1199.0,11599
netDDM,"NET_2_1_RC_4",48.0,1196.0,243
netDDM,"commons-net-2.1",47.0,1194.0,0
netDDM,"commons-net-2.1-rc4",47.0,1194.0,162
netDDM,"NET_2_1_RC_5",47.0,1206.0,4
netDDM,"NET_2_1_RC_6",47.0,1206.0,241
netDDM,"NET_2_1_r924745",47.0,1194.0,58005
netDDM,"commons-net-2.2RC1",47.0,1211.0,0
netDDM,"NET_2_2_RC1",47.0,1211.0,0
netDDM,"NET_2_2_RC2",47.0,1211.0,0
netDDM,"NET_2_2_RC3",47.0,1211.0,0
netDDM,"NET_2_2",47.0,1211.0,9188
netDDM,"commons-net-3.0-RC1",57.0,1340.0,16
netDDM,"NET_3_0_RC2",57.0,1337.0,136
netDDM,"NET_3_0_RC3",56.0,1348.0,0
netDDM,"NET_3_0_RC4",56.0,1348.0,55
netDDM,"NET_3_0_RC5",56.0,1348.0,0
netDDM,"NET_3_0_RC1",56.0,1348.0,0
netDDM,"NET_3_0",56.0,1348.0,37
netDDM,"NET_3_0_1RC1",55.0,1348.0,0
netDDM,"NET_3_0_1RC2",55.0,1348.0,0
netDDM,"NET_3_0_1RC3",55.0,1348.0,0
netDDM,"NET_3_0_1",55.0,1348.0,2075
netDDM,"NET_3_1_RC2",55.0,1354.0,0
netDDM,"NET_3_1",55.0,1354.0,1442
netDDM,"NET_3_1_RC1",51.0,1383.0,0
netDDM,"NET_3_2_RC1",51.0,1383.0,0
netDDM,"NET_3_2",51.0,1383.0,1721
netDDM,"NET_3_3_RC1",51.0,1398.0,0
netDDM,"NET_3_3",51.0,1398.0,7220
netDDM,"NET_3_4_RC1",38.0,1472.0,0
netDDM,"NET_3_4_RC2",38.0,1472.0,0
netDDM,"NET_3_4",38.0,1472.0,304
netDDM,"NET_3_5_RC1",38.0,1473.0,257
netDDM,"NET_3_5_RC2",34.0,1474.0,0
netDDM,"NET_3_5_RC3",34.0,1474.0,0
netDDM,"NET_3_5",34.0,1474.0,3024
netDDM,"NET_3_6_RC1",33.0,1463.0,0
olingoDDMTable,"2.0.4-RC01",228.0,1088.0,0
olingoDDMTable,"2.0.4",228.0,1088.0,4514
olingoDDMTable,"2.0.5",223.0,1088.0,3148
olingoDDMTable,"2.0.6-RC01",0.0,0.0,0
olingoDDMTable,"2.0.6",222.0,1093.0,1979
olingoDDMTable,"2.0.7-RC01",222.0,1094.0,0
olingoDDMTable,"2.0.7",222.0,1094.0,7646
olingoDDMTable,"2.0.8-RC01",220.0,1111.0,0
olingoDDMTable,"2.0.8",0.0,0.0,2233
olingoDDMTable,"2.0.9-RC01",220.0,1125.0,0
olingoDDMTable,"2.0.9",220.0,1125.0,2575
openMeetingsDDMTable,"3.3.0",243.0,2699.0,6642
openMeetingsDDMTable,"3.3.1RC1",248.0,2625.0,0
openMeetingsDDMTable,"3.3.1RC2",0.0,0.0,22
openMeetingsDDMTable,"3.3.1RC3",248.0,2625.0,1150
openMeetingsDDMTable,"3.3.2RC1",0.0,0.0,114796
openMeetingsDDMTable,"4.0.0RC1",51.0,1471.0,64
openMeetingsDDMTable,"4.0.0RC2",0.0,0.0,2904
poolDDM,"POOL_1_4_RC1",12.0,548.0,1577
poolDDM,"POOL_1_4_RC2",12.0,548.0,0
poolDDM,"POOL_1_4_RC3",12.0,548.0,0
poolDDM,"POOL_1_4",12.0,548.0,11219
poolDDM,"POOL_1_5_RC1",10.0,572.0,272
poolDDM,"POOL_1_5_RC2",10.0,574.0,264
poolDDM,"POOL_1_5_RC3",10.0,574.0,0
poolDDM,"POOL_1_5",10.0,574.0,64
poolDDM,"POOL_1_5_1_RC1",10.0,574.0,0
poolDDM,"POOL_1_5_1",10.0,574.0,380
poolDDM,"POOL_1_5_2_RC1",10.0,575.0,51
poolDDM,"POOL_1_5_2_RC2",10.0,575.0,0
poolDDM,"POOL_1_5_2",10.0,575.0,44
poolDDM,"POOL_1_5_3_RC1",10.0,575.0,0
poolDDM,"POOL_1_5_3",10.0,575.0,59
poolDDM,"POOL_1_5_4_RC1",10.0,575.0,0
poolDDM,"POOL_1_5_4",10.0,575.0,3330
poolDDM,"POOL_1_5_5_RC1",10.0,741.0,0
poolDDM,"POOL_1_5_5_RC2",10.0,741.0,0
poolDDM,"POOL_1_5_5",10.0,741.0,429
poolDDM,"POOL_1_5_6_RC1",10.0,753.0,0
poolDDM,"POOL_1_5_6_RC2",10.0,753.0,0
poolDDM,"POOL_1_5_6",10.0,753.0,110
poolDDM,"POOL_1_5_7_RC1",10.0,763.0,8
poolDDM,"POOL_1_5_7_RC2",10.0,763.0,0
poolDDM,"POOL_1_5_7_RC3",10.0,763.0,0
poolDDM,"POOL_1_5_7",10.0,763.0,3562
poolDDM,"POOL_1_6_RC1",10.0,932.0,0
poolDDM,"POOL_1_6_RC2",10.0,932.0,48
poolDDM,"POOL_1_6_RC3",10.0,932.0,0
poolDDM,"POOL_1_6_RC4",10.0,932.0,0
poolDDM,"POOL_1_6",10.0,932.0,12401
poolDDM,"POOL_2_0_RC1",6.0,353.0,936
poolDDM,"POOL_2_0_RC2",6.0,310.0,157
poolDDM,"POOL_2_0_RC3",6.0,316.0,0
poolDDM,"POOL_2_0_RC4",6.0,316.0,0
poolDDM,"POOL_2_0",6.0,316.0,935
poolDDM,"POOL_2_1_RC1",6.0,328.0,9
poolDDM,"POOL_2_1_RC2",6.0,328.0,0
poolDDM,"POOL_2_1",6.0,328.0,381
poolDDM,"POOL_2_2_RC1",6.0,328.0,46
poolDDM,"POOL_2_2_RC2",6.0,328.0,0
poolDDM,"POOL_2_2",6.0,328.0,1382
poolDDM,"POOL_2_3_RC1",5.0,341.0,42
poolDDM,"POOL_2_3_RC2",5.0,341.0,0
poolDDM,"POOL_2_3",5.0,341.0,506
poolDDM,"POOL_2_4_RC1",5.0,346.0,0
poolDDM,"POOL_2_4",5.0,346.0,0
poolDDM,"POOL_2_4_1_RC1",5.0,346.0,0
poolDDM,"POOL_2_4_1",5.0,346.0,30
poolDDM,"POOL_2_4_2_RC1",5.0,347.0,0
poolDDM,"POOL_2_4_2",5.0,347.0,5512
poolDDM,"POOL_2.4.3",7.0,352.0,0
poolDDM,"POOL_2.4.3-RC1",7.0,352.0,4832
poolDDM,"POOL_2_5_0",6.0,361.0,0
poolDDM,"POOL_2_5_0_RC1",6.0,361.0,1177
poolDDM,"commons-pool-2.6.0-RC1",7.0,354.0,0
rollerDDMTable,"roller_5.1.0-rc1",355.0,1085.0,0
rollerDDMTable,"roller_5.1.0-rc2",355.0,1085.0,52
rollerDDMTable,"roller_5.1.0-rc3",355.0,1087.0,602
rollerDDMTable,"roller_5.1.0-ROL2051patch",351.0,1080.0,488
rollerDDMTable,"roller_5.1.1-rc1",351.0,1366.0,0
rollerDDMTable,"roller_5.1.1-rc2",351.0,1366.0,0
rollerDDMTable,"roller_5.1.1",351.0,1366.0,397
rollerDDMTable,"roller_5.1.2-rc1",351.0,1366.0,758
rollerDDMTable,"roller-5.2.0-rc-2",601.0,1605.0,0
rollerDDMTable,"roller-5.2.0-rc-3",601.0,1605.0,0
rollerDDMTable,"roller-5.2.0-rc-4",601.0,1605.0,171
rollerDDMTable,"roller-5.2.0-rc-5",601.0,1655.0,0
rollerDDMTable,"roller-5.2.0-rc-6",601.0,1655.0,0
stormDDMTable,"v0.9.1-incubating",0.0,0.0,0
stormDDMTable,"v0.9.1.0-incubating",494.0,5111.0,1977246
stormDDMTable,"v0.9.2-incubating",566.0,5473.0,1740
stormDDMTable,"v0.9.2-incubating-security",579.0,6263.0,1962986
stormDDMTable,"v0.9.3-rc1",0.0,0.0,18560
stormDDMTable,"PRE_SECURITY_MERGE",588.0,5674.0,1569
stormDDMTable,"v0.9.3",588.0,5680.0,795
stormDDMTable,"v0.9.4",586.0,5695.0,6
stormDDMTable,"v0.9.5",586.0,5695.0,8196282
stormDDMTable,"v0.10.0-beta",498.0,3866.0,39
stormDDMTable,"v0.10.0-beta1",498.0,3867.0,22643
stormDDMTable,"v0.10.0",499.0,3877.0,6138
stormDDMTable,"v0.9.6",584.0,5682.0,9910135
stormDDMTable,"v0.10.1",499.0,3879.0,2020815
stormDDMTable,"v0.9.7",584.0,5685.0,8197677
stormDDMTable,"v0.10.2",499.0,3881.0,2024258
stormDDMTable,"v1.0.3",0.0,0.0,324289
stormDDMTable,"v1.0.4",0.0,0.0,331016
stormDDMTable,"v1.0.5",0.0,0.0,386200
tikaDDMTable,"0.1-incubating",81.0,141.0,6295
tikaDDMTable,"0.2",134.0,185.0,10160
tikaDDMTable,"0.2-rc1",134.0,185.0,0
tikaDDMTable,"0.2-rc2",134.0,185.0,1535
tikaDDMTable,"0.3",137.0,200.0,242
tikaDDMTable,"0.4",156.0,241.0,3631
tikaDDMTable,"0.10",299.0,1235.0,3575
tikaDDMTable,"1.0",258.0,993.0,5791
tikaDDMTable,"1.1",264.0,1022.0,10803
tikaDDMTable,"1.2",343.0,1411.0,2194
tikaDDMTable,"tika-1.3",356.0,1434.0,0
tikaDDMTable,"1.3",356.0,1434.0,1647
tikaDDMTable,"1.4",374.0,1474.0,2
tikaDDMTable,"1.4-rc2",374.0,1474.0,5672
tikaDDMTable,"1.5-rc1",377.0,1513.0,0
tikaDDMTable,"1.5-rc2",377.0,1513.0,0
tikaDDMTable,"1.5",377.0,1513.0,5886
tikaDDMTable,"1.6",0.0,0.0,1844
tikaDDMTable,"1.6-rc2",379.0,1624.0,6025
tikaDDMTable,"1.7-rc1",391.0,1708.0,13
tikaDDMTable,"1.7-rc2",391.0,1708.0,973
tikaDDMTable,"1.7-rc3",391.0,1707.0,0
tikaDDMTable,"1.7",391.0,1707.0,11177
tikaDDMTable,"1.8-rc1",441.0,2009.0,885
tikaDDMTable,"1.8-rc2",442.0,2010.0,0
tikaDDMTable,"1.8",442.0,2010.0,25706
tikaDDMTable,"1.9-rc1",474.0,2278.0,205
tikaDDMTable,"1.9-rc2",477.0,2290.0,5032
tikaDDMTable,"1.10-rc1",502.0,2648.0,0
tikaDDMTable,"1.10",502.0,2648.0,11039
tikaDDMTable,"1.11-rc1",506.0,2673.0,1269
tikaDDMTable,"1.12-rc1",516.0,2696.0,57613
tikaDDMTable,"1.13",535.0,2770.0,0
tikaDDMTable,"1.13-rc1",535.0,2770.0,42475
tikaDDMTable,"1.14-rc1",568.0,2902.0,64872
tikaDDMTable,"1.15-rc1",774.0,3285.0,7
tikaDDMTable,"1.15",774.0,3285.0,17052
tikaDDMTable,"1.16",785.0,3284.0,41631
tikaDDMTable,"1.17",782.0,3414.0,1099
tikaDDMTable,"1.18-rc1",791.0,3477.0,480
tikaDDMTable,"1.18-rc2",791.0,3481.0,79
tobagoDDMTable,"tobago-3.0.0-alpha-1",254.0,1491.0,4129
tobagoDDMTable,"tobago-3.0.0-alpha-2",248.0,1754.0,9757
tobagoDDMTable,"tobago-3.0.0-alpha-3",190.0,2153.0,188022
tobagoDDMTable,"tobago-3.0.0-alpha-4",190.0,2175.0,1922
tobagoDDMTable,"tobago-3.0.0-alpha-5",192.0,2185.0,84
tobagoDDMTable,"tobago-3.0.0-alpha-6",189.0,2117.0,939
tobagoDDMTable,"tobago-3.0.0-beta-1",178.0,2044.0,1293
tobagoDDMTable,"tobago-3.0.0",132.0,1644.0,231
tobagoDDMTable,"tobago-3.0.1",132.0,1649.0,62
tobagoDDMTable,"tobago-3.0.2",132.0,1649.0,255
tobagoDDMTable,"tobago-3.0.3",93.0,1352.5,12
tobagoDDMTable,"tobago-4.2.0",7.0,64.0,12
velocityDDMTable,"Velocity_1.5",0.0,1.0,14736
velocityDDMTable,"velocity-engine-parent-2.0.0",298.0,780.0,0
velocityDDMTable,"2.0-RC1",298.0,780.0,721
velocityDDMTable,"2.0-RC2",298.0,780.0,386
velocityDDMTable,"2.0-RC3",298.0,794.0,8
velocityDDMTable,"2.0-RC4",295.0,37090.666666666664,899
velocityDDMTable,"2.0-RC5",294.0,785.0,3666
velocityDDMTable,"2.0-RC6",289.0,698.0,3701
velocityDDMTable,"2.0-RC7",280.0,679.0,52
