Project ID,Version,Yes,No,Total Lines Touched,%Yes,Adjusted%yes
apexDDM,v3.0.0-RC1,419,2321,119,0.152919708,0.346530821
apexDDM,v3.0.0-RC2,419,2320,1053,0.152975539,0.346628413
apexDDM,v3.0.0-RC3,422,2284,402,0.155949741,0.351803895
apexDDM,v3.0.0-RC4,423,2289,443,0.155973451,0.351844969
apexDDM,v3.0.0-RC5,423,2289,31,0.155973451,0.351844969
apexDDM,v3.0.0-RC6,425,2286,79,0.15676872,0.353220986
apexDDM,v3.0.0-RC7,425,2288,0,0.156653151,0.353021225
apexDDM,v3.0.0,425,2288,7946,0.156653151,0.353021225
apexDDM,v3.1.1-RC2,427,2302,8875,0.156467571,0.352700304
apexDDM,v3.2.0-incubating-RC1,860,4658,2,0.15585357,0.351637262
apexDDM,v3.2.0-incubating,439,2355,0,0.157122405,0.353831907
apexDDM,v3.2.0-incubating-RC2,439,2355,15650,0.157122405,0.353831907
apexDDM,v3.3.0-incubating-RC1,442,2387,0,0.156238954,0.352304718
apexDDM,v3.3.0-incubating,442,2387,0,0.156238954,0.352304718
apexDDM,v3.3.0-incubating-RC2,442,2387,2736,0.156238954,0.352304718
apexDDM,v3.2.1-incubating,437,2355,0,0.156518625,0.352788609
apexDDM,v3.2.1-incubating-RC1,437,2355,60608,0.156518625,0.352788609
apexDDM,v3.4.0,396,1991,0,0.165898618,0.368788143
apexDDM,v3.4.0-RC1,396,1991,6537,0.165898618,0.368788143
apexDDM,v3.5.0,416,2041,0,0.169312169,0.374501992
apexDDM,v3.5.0-RC1,416,2041,18946,0.169312169,0.374501992
apexDDM,v3.6.0,427,2000,0,0.175937371,0.385430871
apexDDM,v3.6.0-RC1,427,2000,4641,0.175937371,0.385430871
apexDDM,v3.7.0,434,2078,0,0.172770701,0.380233382
ariesjpaDDMTable,aries-jpa-2.2.0,33,114,1356,0.224489796,0.459555556
ariesjpaDDMTable,aries-jpa-2.3.0,7,41,219,0.145833333,0.334010152
ariesjpaDDMTable,aries-jpa-2.4.0,7,41,33,0.145833333,0.334010152
ariesjpaDDMTable,aries-jpa-2.5.0,7,41,146,0.145833333,0.334010152
ariesjpaDDMTable,aries-jpa-2.6.0,8,41,18,0.163265306,0.364341085
ariesjpaDDMTable,aries-jpa-2.6.1,8,43,9731,0.156862745,0.353383459
avroDDMTable,release-1.5.0-rc0,0,0,0,#DIV/0!,#DIV/0!
avroDDMTable,release-1.5.0-rc1,0,0,0,#DIV/0!,#DIV/0!
avroDDMTable,release-1.5.0-rc2,0,0,101,#DIV/0!,#DIV/0!
avroDDMTable,release-1.5.0-rc3,0,0,0,#DIV/0!,#DIV/0!
avroDDMTable,release-1.5.0,0,0,821,#DIV/0!,#DIV/0!
avroDDMTable,release-1.5.1,0,0,3543,#DIV/0!,#DIV/0!
avroDDMTable,release-1.5.2-rc0,0,0,0,#DIV/0!,#DIV/0!
avroDDMTable,release-1.5.2-rc1,0,0,0,#DIV/0!,#DIV/0!
avroDDMTable,release-1.5.2,0,0,210,#DIV/0!,#DIV/0!
avroDDMTable,release-1.5.3,0,0,0,#DIV/0!,#DIV/0!
avroDDMTable,release-1.5.4-rc0,0,0,0,#DIV/0!,#DIV/0!
avroDDMTable,release-1.5.4,0,0,7040,#DIV/0!,#DIV/0!
avroDDMTable,release-1.8.0-rc0,199,1024,348,0.162714636,0.363406768
avroDDMTable,release-1.8.0-rc1,199,1025,0,0.162581699,0.363180989
avroDDMTable,release-1.8.0-rc2,199,1025,50,0.162581699,0.363180989
avroDDMTable,release-1.8.0-rc3,199,1028,0,0.162184189,0.362505329
avroDDMTable,release-1.8.0,199,1028,6422,0.162184189,0.362505329
avroDDMTable,release-1.8.1,199,1034,0,0.161394972,0.361161525
avroDDMTable,release-1.8.1-rc1,199,1034,9673,0.161394972,0.361161525
avroDDMTable,release-1.8.2-rc1,210,1042,7,0.167731629,0.371863462
avroDDMTable,release-1.8.2-rc2,210,1044,0,0.167464115,0.371415669
avroDDMTable,release-1.8.2-rc3,210,1044,0,0.167464115,0.371415669
avroDDMTable,release-1.8.2,210,1044,0,0.167464115,0.371415669
axiomDDMTable,1.2.6,76,1456,122,0.049608355,0.132946256
axiomDDMTable,1.2.7,0,0,81599,#DIV/0!,#DIV/0!
axiomDDMTable,1.2.8,108,1647,16634,0.061538462,0.161512027
axiomDDMTable,1_2_2,61,1251,26070,0.046493902,0.125289516
axiomDDMTable,1_2_3,59,1265,0,0.044561934,0.12049711
axiomDDMTable,1_2_4,58,1276,10591,0.043478261,0.117794486
axiomDDMTable,1_2_5,65.80105084,46743.33611,116435,0.001405731,0.004118118
bigtopDDM,release-0.1.0-incubating,0,0,0,#DIV/0!,#DIV/0!
bigtopDDM,release-0.1.0-incubating-RC2,0,0,8,#DIV/0!,#DIV/0!
bigtopDDM,release-0.2.0-incubating-RC0,0,0,0,#DIV/0!,#DIV/0!
bigtopDDM,release-0.2.0-incubating-RC1,0,0,0,#DIV/0!,#DIV/0!
bigtopDDM,release-0.2.0-incubating-RC2,0,0,1,#DIV/0!,#DIV/0!
bigtopDDM,release-0.3.0-incubating-RC0,0,0,0,#DIV/0!,#DIV/0!
bigtopDDM,release-0.3.0-incubating-RC1,0,0,0,#DIV/0!,#DIV/0!
bigtopDDM,release-0.2.0-incubating,0,4,2,0,0
bigtopDDM,release-0.3.0-incubating,0,0,72,#DIV/0!,#DIV/0!
bigtopDDM,release-0.4.0-incubating-RC0,0,0,0,#DIV/0!,#DIV/0!
bigtopDDM,release-0.4.0-incubating-RC1,0,0,39,#DIV/0!,#DIV/0!
bigtopDDM,release-0.4.0-incubating-RC2,0,0,378,#DIV/0!,#DIV/0!
bigtopDDM,release-0.5.0-RC0,0,0,93,#DIV/0!,#DIV/0!
bigtopDDM,release-0.6.0,0,0,0,#DIV/0!,#DIV/0!
bigtopDDM,release-0.6.0-RC1,0,0,0,#DIV/0!,#DIV/0!
bigtopDDM,release-0.7.0-RC0,0,0,0,#DIV/0!,#DIV/0!
bigtopDDM,release-0.7.0,0,0,0,#DIV/0!,#DIV/0!
bigtopDDM,release-0.7.0-RC1,0,0,139,#DIV/0!,#DIV/0!
bigtopDDM,release-0.8.0,0,0,1082,#DIV/0!,#DIV/0!
bigtopDDM,release-1.0.0,0,0,1061,#DIV/0!,#DIV/0!
bigtopDDM,rel/1.1.0,0,0,0,#DIV/0!,#DIV/0!
bigtopDDM,release-1.1.0,0,0,208,#DIV/0!,#DIV/0!
bigtopDDM,rel/1.2.0,0,0,0,#DIV/0!,#DIV/0!
bigtopDDM,rel/1.2.0-RC1,0,0,0,#DIV/0!,#DIV/0!
bigtopDDM,rel/release-1.2.0-RC1,0,0,4,#DIV/0!,#DIV/0!
bigtopDDM,release-1.2.1-RC0,0,0,0,#DIV/0!,#DIV/0!
bigtopDDM,release-1.2.1-RC1,0,0,0,#DIV/0!,#DIV/0!
bigtopDDM,release-1.2.1-RC2,0,0,0,#DIV/0!,#DIV/0!
calciteDDM,optiq-parent-0.4.17,49,200,21681,0.196787149,0.418499001
calciteDDM,optiq-parent-0.4.12.4,761,2331,339958,0.246119017,0.489536427
calciteDDM,optiq-0.9.0-incubating,0,0,39720,#DIV/0!,#DIV/0!
calciteDDM,calcite-0.9.1-incubating,0,0,3324,#DIV/0!,#DIV/0!
calciteDDM,calcite-0.9.2-incubating,3.086956522,314.5,249511,0.009720036,0.028024825
calciteDDM,calcite-1.0.0-incubating,0,0,8998,#DIV/0!,#DIV/0!
calciteDDM,calcite-1.2.0-incubating,525,4799,8755,0.098610068,0.243201687
calciteDDM,calcite-1.4.0-incubating,572,4783,24889,0.10681606,0.259969829
calciteDDM,calcite-1.6.0-rc0,0,0,0,#DIV/0!,#DIV/0!
calciteDDM,calcite-1.7.0,1179,6430,18914,0.154948088,0.350066017
calciteDDM,calcite-avatica-1.8.0,0,0,3582,#DIV/0!,#DIV/0!
calciteDDM,calcite-1.8.0,0,0,13288,#DIV/0!,#DIV/0!
calciteDDM,calcite-1.9.0,0,0,1902,#DIV/0!,#DIV/0!
calciteDDM,calcite-1.10.0,0,0,14094,#DIV/0!,#DIV/0!
calciteDDM,calcite-avatica-1.9.0-rc0,0,0,650,#DIV/0!,#DIV/0!
calciteDDM,calcite-avatica-1.9.0,0,0,0,#DIV/0!,#DIV/0!
calciteDDM,calcite-avatica-1.9.0-rc1,0,0,9307,#DIV/0!,#DIV/0!
calciteDDM,calcite-1.11.0,0,0,20852,#DIV/0!,#DIV/0!
calciteDDM,calcite-1.12.0,0,0,119131,#DIV/0!,#DIV/0!
calciteDDM,calcite-1.13.0,0,0,17104,#DIV/0!,#DIV/0!
calciteDDM,calcite-1.14.0,0,0,10504,#DIV/0!,#DIV/0!
calciteDDM,calcite-1.15.0,0,0,15919,#DIV/0!,#DIV/0!
calciteDDM,calcite-1.16.0,0,0,31337,#DIV/0!,#DIV/0!
commonsDaemonDDMTable,COMMONS_DAEMON_2_0_5,7,55,0,0.112903226,0.272125724
commonsDaemonDDMTable,COMMONS_DAEMON_2_0_6,0,0,43,#DIV/0!,#DIV/0!
commonsDaemonDDMTable,COMMONS_DAEMON_1_0_2_RC1,0,0,3,#DIV/0!,#DIV/0!
commonsDaemonDDMTable,COMMONS_DAEMON_1_0_2_RC2,7,55,0,0.112903226,0.272125724
commonsDaemonDDMTable,COMMONS_DAEMON_1_0_2,0,0,569,#DIV/0!,#DIV/0!
commonsDaemonDDMTable,COMMONS_DAEMON_1_0_3_RC1,3,54,0,0.052631579,0.140298507
commonsDaemonDDMTable,COMMONS_DAEMON_1_0_3_RC2,3,54,147,0.052631579,0.140298507
commonsDaemonDDMTable,COMMONS_DAEMON_1_0_3_RC3,0,0,0,#DIV/0!,#DIV/0!
commonsDaemonDDMTable,PRE_DAEMON_160,1,52,400,0.018867925,0.053469852
commonsDaemonDDMTable,COMMONS_DAEMON_1_0_4_RC1,11,59,0,0.157142857,0.353867214
commonsDaemonDDMTable,COMMONS_DAEMON_1_0_4,0,0,0,#DIV/0!,#DIV/0!
commonsDaemonDDMTable,COMMONS_DAEMON_1_0_5_RC1,20,116,7,0.147058824,0.336194564
commonsDaemonDDMTable,COMMONS_DAEMON_1_0_3,10,359.9166667,223,0.027033116,0.075457562
commonsDaemonDDMTable,COMMONS_DAEMON_1_0_5,11,59,55,0.157142857,0.353867214
commonsDaemonDDMTable,COMMONS_DAEMON_1_0_6_RC1,11,65,0,0.144736842,0.332048812
commonsDaemonDDMTable,COMMONS_DAEMON_1_0_6,11,65,9,0.144736842,0.332048812
commonsDaemonDDMTable,COMMONS_DAEMON_1_0_7_RC1,0,0,0,#DIV/0!,#DIV/0!
commonsDaemonDDMTable,COMMONS_DAEMON_1_0_7,12,65,0,0.155844156,0.351620948
commonsDaemonDDMTable,COMMONS_DAEMON_1_0_8_RC1,0,0,0,#DIV/0!,#DIV/0!
commonsDaemonDDMTable,COMMONS_DAEMON_1_0_8,12,65,0,0.155844156,0.351620948
commonsDaemonDDMTable,COMMONS_DAEMON_1_0_9_RC1,0,0,0,#DIV/0!,#DIV/0!
commonsDaemonDDMTable,COMMONS_DAEMON_1_0_9,12,65,0,0.155844156,0.351620948
commonsDaemonDDMTable,COMMONS_DAEMON_1_0_10_RC1,12,65,0,0.155844156,0.351620948
commonsDaemonDDMTable,COMMONS_DAEMON_1_0_10_RC2,12,65,0,0.155844156,0.351620948
commonsDaemonDDMTable,COMMONS_DAEMON_1_1_10_RC1,12,65,0,0.155844156,0.351620948
commonsDaemonDDMTable,COMMONS_DAEMON_1_0_10,0,0,2,#DIV/0!,#DIV/0!
commonsDaemonDDMTable,COMMONS_DAEMON_1_0_11_RC1,12,65,0,0.155844156,0.351620948
commonsDaemonDDMTable,COMMONS_DAEMON_1_0_11,12,65,0,0.155844156,0.351620948
commonsDaemonDDMTable,COMMONS_DAEMON_1_0_12_RC1,12,65,0,0.155844156,0.351620948
commonsDaemonDDMTable,COMMONS_DAEMON_1_0_12,12,65,0,0.155844156,0.351620948
commonsDaemonDDMTable,COMMONS_DAEMON_1_0_13_RC1,12,65,0,0.155844156,0.351620948
commonsDaemonDDMTable,COMMONS_DAEMON_1_0_13,12,65,7,0.155844156,0.351620948
commonsDaemonDDMTable,COMMONS_DAEMON_1_0_14_RC1,12,65,0,0.155844156,0.351620948
commonsDaemonDDMTable,COMMONS_DAEMON_1_0_14,12,65,0,0.155844156,0.351620948
commonsDaemonDDMTable,COMMONS_DAEMON_1_0_15_RC1,12,65,0,0.155844156,0.351620948
commonsDaemonDDMTable,COMMONS_DAEMON_1_0_15,12,65,518,0.155844156,0.351620948
commonsDaemonDDMTable,COMMONS_DAEMON_1_1_0_RC1,12,62,0,0.162162162,0.362467866
commonsDaemonDDMTable,COMMONS_DAEMON_1_1_0_RC2,12,62,0,0.162162162,0.362467866
commonsDaemonDDMTable,COMMONS_DAEMON_1_1_0_RC3,12,62,0,0.162162162,0.362467866
commonsJexlDDMTable,COMMONS_JEXL_2_0_RC1,0,0,19,#DIV/0!,#DIV/0!
commonsJexlDDMTable,COMMONS_JEXL_2_0_RC2,0,0,0,#DIV/0!,#DIV/0!
commonsJexlDDMTable,COMMONS_JEXL_2_0_RC3,37,132,0,0.218934911,0.451571021
commonsJexlDDMTable,COMMONS_JEXL_2_0-RC4,53,2790.85,183,0.018636707,0.052837441
commonsJexlDDMTable,COMMONS_JEXL_2_0-RC5,0,0,1,#DIV/0!,#DIV/0!
commonsJexlDDMTable,COMMONS_JEXL_2_0-RC6,35,100,5942,0.259259259,0.506933744
commonsJexlDDMTable,COMMONS_JEXL_2_0_1-RC1,32,101,370,0.240601504,0.482051282
commonsJexlDDMTable,COMMONS_JEXL_2_0_1-RC2,32,99,0,0.244274809,0.487046632
commonsJexlDDMTable,COMMONS_JEXL_2_0_1-RC3,0,0,7386,#DIV/0!,#DIV/0!
commonsJexlDDMTable,commons-jexl-2.1,34,154,411,0.180851064,0.393402265
commonsJexlDDMTable,COMMONS_JEXL_2_1_RC1,0,0,23154,#DIV/0!,#DIV/0!
commonsJexlDDMTable,COMMONS_JEXL_3_0-RC1,35,155,0,0.184210526,0.398787879
commonsJexlDDMTable,COMMONS_JEXL_2_0_1,32,99,8210,0.244274809,0.487046632
commonsJexlDDMTable,COMMONS_JEXL_2_1-RC2,35,175,0,0.166666667,0.37007874
commonsJexlDDMTable,COMMONS_JEXL_2_1,0,0,0,#DIV/0!,#DIV/0!
commonsJexlDDMTable,test,0,0,27,#DIV/0!,#DIV/0!
commonsJexlDDMTable,COMMONS_JEXL_2_1_1-RC1,0,0,162,#DIV/0!,#DIV/0!
commonsJexlDDMTable,COMMONS_JEXL_2_1-RC3,0,0,27,#DIV/0!,#DIV/0!
commonsJexlDDMTable,test-ignore,35,175,0,0.166666667,0.37007874
commonsJexlDDMTable,COMMONS_JEXL_2_1_1,0,0,0,#DIV/0!,#DIV/0!
commonsJexlDDMTable,COMMONS_JEXL_2_0,0,56653.9407,8401,0,0
commonsJexlDDMTable,COMMONS_JEXL_3_0-RC2,0,0,24433,#DIV/0!,#DIV/0!
commonsJexlDDMTable,COMMONS_JEXL_3_0,0,0,4689,#DIV/0!,#DIV/0!
commonsJexlDDMTable,COMMONS_JEXL_3_1-RC1,35,174,0,0.167464115,0.371415669
deltaSpikeddmTable,deltaspike-root-1.3.0,112,566,3964,0.16519174,0.367597765
deltaSpikeddmTable,deltaspike-1.4.0,112,592,983,0.159090909,0.357220413
deltaSpikeddmTable,deltaspike-1.4.1,112,592,1799,0.159090909,0.357220413
deltaSpikeddmTable,deltaspike-1.4.2,112,605,346,0.156206416,0.352248394
deltaSpikeddmTable,deltaspike-1.5.0,113,606,1047,0.157162726,0.353901513
deltaSpikeddmTable,deltaspike-1.5.1,114,614,914,0.156593407,0.352917929
deltaSpikeddmTable,deltaspike-1.5.2,116,614,2937,0.15890411,0.356899712
deltaSpikeddmTable,deltaspike-1.5.3,115,618,22,0.156889495,0.353429674
deltaSpikeddmTable,deltaspike-1.5.4,115,618,1662,0.156889495,0.353429674
deltaSpikeddmTable,deltaspike-1.6.0,132,644,1074,0.170103093,0.375817785
deltaSpikeddmTable,deltaspike-1.6.1,128,648,1429,0.164948454,0.3671875
deltaSpikeddmTable,deltaspike-1.7.0,137,654,330,0.173198483,0.380938295
deltaSpikeddmTable,deltaspike-1.7.1,138,641,271,0.177150193,0.387408912
deltaSpikeddmTable,deltaspike-1.7.2,140,651,1561,0.17699115,0.387149918
deltaSpikeddmTable,deltaspike-1.8.1,146,730,643,0.166666667,0.37007874
fileUploadDDMTable,commons-fileupload-1.2,4,73,0,0.051948052,0.138643068
fileUploadDDMTable,commons-fileupload-1.2rc4,4,73,1028,0.051948052,0.138643068
fileUploadDDMTable,commons-fileupload-1.2.1rc1,19,588,120,0.031301483,0.086690613
fileUploadDDMTable,commons-fileupload-1.2.1rc2,7,83,0,0.077777778,0.198551599
fileUploadDDMTable,commons-fileupload-1.2.1rc3,7,83,0,0.077777778,0.198551599
fileUploadDDMTable,commons-fileupload-1.2.1rc4,7,83,0,0.077777778,0.198551599
fileUploadDDMTable,commons-fileupload-1.2.1,7,83,621,0.077777778,0.198551599
fileUploadDDMTable,commons-fileupload-1.2.2,21,431,33,0.046460177,0.12520614
fileUploadDDMTable,FILEUPLOAD_1_3_RC2,15,69,0,0.178571429,0.389718076
fileUploadDDMTable,FILEUPLOAD_1_3,15,69,985,0.178571429,0.389718076
fileUploadDDMTable,FILEUPLOAD_1_3_1_RC1,15,64,0,0.189873418,0.407750145
fileUploadDDMTable,FILEUPLOAD_1_3_1,15,64,23,0.189873418,0.407750145
fileUploadDDMTable,FILEUPLOAD_1_3_2_RC1,15,64,627,0.189873418,0.407750145
fileUploadDDMTable,commons-fileupload-1.3.2,15,64,0,0.189873418,0.407750145
fileUploadDDMTable,commons-fileupload-1.3.2RC1,15,64,0,0.189873418,0.407750145
fileUploadDDMTable,FILEUPLOAD_1_3_2,15,64,31,0.189873418,0.407750145
fileUploadDDMTable,commons-fileupload-1.3.3-RC1,15,64,0,0.189873418,0.407750145
fileUploadDDMTable,commons-fileupload-1.3.3-RC2,15,64,0,0.189873418,0.407750145
fileUploadDDMTable,commons-fileupload-1.3.3-RC3,15,64,0,0.189873418,0.407750145
fileUploadDDMTable,commons-fileupload-1.3.3-RC4,15,64,19,0.189873418,0.407750145
fileUploadDDMTable,commons-fileupload-1.3.3-RC5,15,64,0,0.189873418,0.407750145
fileUploadDDMTable,commons-fileupload-1.3.3,15,64,0,0.189873418,0.407750145
fileUploadDDMTable,commons-fileupload-1.2,4,73,0,0.051948052,0.138643068
fileUploadDDMTable,commons-fileupload-1.2rc4,4,73,1028,0.051948052,0.138643068
fileUploadDDMTable,commons-fileupload-1.2.1rc1,19,588,120,0.031301483,0.086690613
fileUploadDDMTable,commons-fileupload-1.2.1rc2,7,83,0,0.077777778,0.198551599
fileUploadDDMTable,commons-fileupload-1.2.1rc3,7,83,0,0.077777778,0.198551599
fileUploadDDMTable,commons-fileupload-1.2.1rc4,7,83,0,0.077777778,0.198551599
fileUploadDDMTable,commons-fileupload-1.2.1,7,83,621,0.077777778,0.198551599
fileUploadDDMTable,commons-fileupload-1.2.2,21,431,33,0.046460177,0.12520614
fileUploadDDMTable,FILEUPLOAD_1_3_RC2,15,69,0,0.178571429,0.389718076
fileUploadDDMTable,FILEUPLOAD_1_3,15,69,985,0.178571429,0.389718076
fileUploadDDMTable,FILEUPLOAD_1_3_1_RC1,15,64,0,0.189873418,0.407750145
fileUploadDDMTable,FILEUPLOAD_1_3_1,15,64,23,0.189873418,0.407750145
fileUploadDDMTable,FILEUPLOAD_1_3_2_RC1,15,64,627,0.189873418,0.407750145
fileUploadDDMTable,commons-fileupload-1.3.2,15,64,0,0.189873418,0.407750145
fileUploadDDMTable,commons-fileupload-1.3.2RC1,15,64,0,0.189873418,0.407750145
fileUploadDDMTable,FILEUPLOAD_1_3_2,15,64,31,0.189873418,0.407750145
fileUploadDDMTable,commons-fileupload-1.3.3-RC1,15,64,0,0.189873418,0.407750145
fileUploadDDMTable,commons-fileupload-1.3.3-RC2,15,64,0,0.189873418,0.407750145
fileUploadDDMTable,commons-fileupload-1.3.3-RC3,15,64,0,0.189873418,0.407750145
fileUploadDDMTable,commons-fileupload-1.3.3-RC4,15,64,19,0.189873418,0.407750145
fileUploadDDMTable,commons-fileupload-1.3.3-RC5,15,64,0,0.189873418,0.407750145
fileUploadDDMTable,commons-fileupload-1.3.3,15,64,0,0.189873418,0.407750145
helixDDMTable,helix-0.6.0-incubating,438,2988,39307,0.127845884,0.300991315
helixDDMTable,helix-0.6.1-incubating,0,0,90674,#DIV/0!,#DIV/0!
helixDDMTable,helix-0.6.2-incubating,509,3389,43708,0.130579785,0.306128194
helixDDMTable,helix-0.6.3,527,3409,41046,0.133892276,0.312294328
helixDDMTable,helix-0.6.4,496,3144,200935,0.136263736,0.316670289
helixDDMTable,helix-0.7.1,538,3668,53013,0.127912506,0.301117012
helixDDMTable,helix-0.6.5,504,3188,9541,0.136511376,0.317125415
helixDDMTable,helix-0.6.6,527,3497,1024,0.130964215,0.306847041
helixDDMTable,helix-0.6.7,526,3492,5588,0.130910901,0.306747401
helixDDMTable,helix-0.6.8,529,4476,5656,0.105694306,0.257703749
helixDDMTable,helix-0.6.9,535,4638,138905,0.103421612,0.253087476
httpDDMTable,4.0-alpha2,27,85,3175,0.241071429,0.482693039
httpDDMTable,4.0-alpha3,38,130,10909,0.226190476,0.461976203
httpDDMTable,4.0-alpha4,53,173,7916,0.234513274,0.473664195
httpDDMTable,4.0-alpha5,62,179,8411,0.257261411,0.504326757
httpDDMTable,4.0-alpha6,106,234,5388,0.311764706,0.570937428
httpDDMTable,4.0-beta1,110,272,4572,0.287958115,0.542953161
httpDDMTable,4.0-beta2,119,306,852,0.28,0.533225284
httpDDMTable,4.0-beta3,118,316,8795,0.271889401,0.523108847
httpDDMTable,4,119,292,39,0.289537713,0.544861179
httpDDMTable,4.0.1,119,287,11653,0.293103448,0.549140893
httpDDMTable,4.1-alpha1,118,305,1826,0.278959811,0.531939382
httpDDMTable,4.1-beta1,120,349,14650,0.255863539,0.502494654
httpDDMTable,4.1-beta2-RC1,119,366,0,0.245360825,0.488514281
httpDDMTable,4.1-beta2-RC2,119,366,0,0.245360825,0.488514281
httpDDMTable,4.1-beta2,119,366,228,0.245360825,0.488514281
httpDDMTable,4.1-RC1,122,370,0,0.24796748,0.492019907
httpDDMTable,4.1,122,370,0,0.24796748,0.492019907
httpDDMTable,4.1-siteupdate,122,370,856,0.24796748,0.492019907
httpDDMTable,4.1.1-RC1,122,369,0,0.248472505,0.49269634
httpDDMTable,4.1.1-RC2,122,372,0,0.246963563,0.4906726
httpDDMTable,4.1.1,122,372,436,0.246963563,0.4906726
httpDDMTable,4.1.2-RC1,124,373,0,0.249496982,0.494065785
httpDDMTable,4.1.2,0,0,4,#DIV/0!,#DIV/0!
httpDDMTable,4.1.3-RC1,124,373,0,0.249496982,0.494065785
httpDDMTable,httpcore-4.1.3-RC1,124,373,0,0.249496982,0.494065785
httpDDMTable,4.1.3,124,373,14474,0.249496982,0.494065785
httpDDMTable,4.2-alpha1-RC1,128,430,8604,0.229390681,0.466501241
httpDDMTable,4.2-alpha2-RC1,140,484,0,0.224358974,0.459368891
httpDDMTable,4.2-alpha1,128,430,8604,0.229390681,0.466501241
httpDDMTable,4.2-alpha2,140,484,1375,0.224358974,0.459368891
httpDDMTable,4.1.4-RC1,124,376,0,0.248,0.492063492
httpDDMTable,4.1.4-RC2,124,376,22516,0.248,0.492063492
httpDDMTable,4.2-beta1-RC1,145,512,154,0.220700152,0.45412141
httpDDMTable,4.2-beta1-RC2,145,512,0,0.220700152,0.45412141
httpDDMTable,4.2-beta1,145,512,2663,0.220700152,0.45412141
httpDDMTable,4.2-RC1,157,582,1375,0.212449256,0.442094542
httpDDMTable,4.1.4,124,376,24112,0.248,0.492063492
httpDDMTable,4.2-RC2,0,0,0,#DIV/0!,#DIV/0!
httpDDMTable,4.2-RC3,157,547,0,0.223011364,0.457442192
httpDDMTable,4.2,157,547,194,0.223011364,0.457442192
httpDDMTable,4.2.1-RC1,157,545,0,0.223646724,0.45835145
httpDDMTable,4.2.1-RC2,157,545,0,0.223646724,0.45835145
httpDDMTable,4.2.1,157,545,480,0.223646724,0.45835145
httpDDMTable,4.2.2-RC1,157,545,0,0.223646724,0.45835145
httpDDMTable,4.2.2-RC2,157,545,0,0.223646724,0.45835145
httpDDMTable,4.2.2,157,545,87,0.223646724,0.45835145
httpDDMTable,4.2.3-RC1,157,548,19492,0.222695035,0.456988914
httpDDMTable,4.3-alpha1-RC1,168,776,894,0.177966102,0.388735723
httpDDMTable,4.2.3,157,548,19492,0.222695035,0.456988914
httpDDMTable,4.3-alpha1,168,776,1122,0.177966102,0.388735723
httpDDMTable,4.2.4-RC1,0,0,35625,#DIV/0!,#DIV/0!
httpDDMTable,4.3-beta1-RC1,170,782,1268,0.178571429,0.389718076
JCSDDM,commons-jcs-2.0-RC1,103,832,70,0.110160428,0.266677684
JCSDDM,commons-jcs-2.0-beta-2,113,897,1334,0.111881188,0.270101205
JCSDDM,commons-jcs-2.0,89,726,5174,0.109202454,0.264763593
JCSDDM,commons-jcs-2.1,89,728,5200,0.108935129,0.264228413
JCSDDM,commons-jcs-2.2,89,735,3652,0.108009709,0.262372201
JCSDDM,commons-jcs-2.2.1,89,740,0,0.107358263,0.261062223
JCSDDM,commons-jcs-2.2.1-RC2,89,740,0,0.107358263,0.261062223
langDDMTable,LANG_2_4_RC1,119,709,0,0.143719807,0.33022377
langDDMTable,LANG_2_4_RC2,119,709,6,0.143719807,0.33022377
langDDMTable,LANG_2_4_RC3,119,709,0,0.143719807,0.33022377
langDDMTable,LANG_2_4,119,709,1175,0.143719807,0.33022377
langDDMTable,LANG_2_5_RC1,122,719,118,0.145065398,0.332637197
langDDMTable,LANG_2_5_RC2,122,719,4,0.145065398,0.332637197
langDDMTable,LANG_2_5_RC3,122,717,4,0.145411204,0.333255841
langDDMTable,LANG_2_5,122,717,0,0.145411204,0.333255841
langDDMTable,LANG_2_5_COPY,122,717,10,0.145411204,0.333255841
langDDMTable,LANG_2_6_RC1,124,683,5,0.153655514,0.347815708
langDDMTable,LANG_2_6_RC2,124,683,0,0.153655514,0.347815708
langDDMTable,LANG_2_6,124,683,0,0.153655514,0.347815708
langDDMTable,LANG_2_6_REPACKAGED,124,683,12019,0.153655514,0.347815708
langDDMTable,LANG_3_2_RC1,171,641,0,0.210591133,0.439348385
langDDMTable,LANG_3_2_RC2,171,641,0,0.210591133,0.439348385
langDDMTable,LANG_3_2,171,641,122,0.210591133,0.439348385
langDDMTable,LANG_3_2_1_RC1,171,636,0,0.211895911,0.441278208
langDDMTable,LANG_3_2_1,171,636,3528,0.211895911,0.441278208
langDDMTable,LANG_3_3_RC1,173,653,0,0.209443099,0.437644653
langDDMTable,LANG_3_3,0,0,270,#DIV/0!,#DIV/0!
langDDMTable,LANG_3_3_1_RC1,172,655,0,0.207980653,0.435466494
langDDMTable,LANG_3_3_1,172,655,467,0.207980653,0.435466494
langDDMTable,LANG_3_3_2_RC1,172,655,0,0.207980653,0.435466494
langDDMTable,LANG_3_3_2,172,655,7350,0.207980653,0.435466494
langDDMTable,LANG_3_4_RC1,173,892,0,0.162441315,0.362942463
langDDMTable,LANG_3_4_RC2,173,661,0,0.207434053,0.434650131
langDDMTable,LANG_3_4,173,661,165264,0.207434053,0.434650131
langDDMTable,LANG_3_5,182,677,0,0.211874272,0.44124626
langDDMTable,LANG_3_5_RC1,182,677,144,0.211874272,0.44124626
langDDMTable,LANG_3_5_RC2,182,677,45810,0.211874272,0.44124626
langDDMTable,LANG_3_6,177,711,0,0.199324324,0.42239147
langDDMTable,LANG_3_6_RC1,179,715,5487,0.200223714,0.42376467
langDDMTable,LANG_3_6_RC2,179,713,33550,0.200672646,0.424448817
langDDMTable,LANG_3_6_RC3,171,711,13,0.193877551,0.414000927
langDDMTable,LANG_3_6_RC4,177,711,5197,0.199324324,0.42239147
langDDMTable,LANG_3_7,0,0,0,#DIV/0!,#DIV/0!
loggingDDMTable,commons-logging-1.1.1,44,171,3772,0.204651163,0.430474604
loggingDDMTable,LOGGING_1_1_2_RC1,44,150,60,0.226804124,0.462846911
loggingDDMTable,LOGGING_1_1_2_RC2,44,150,0,0.226804124,0.462846911
loggingDDMTable,LOGGING_1_1_2,44,150,0,0.226804124,0.462846911
loggingDDMTable,LOGGING_1_1_3_RC1,44,150,0,0.226804124,0.462846911
loggingDDMTable,LOGGING_1_1_3_RC2,44,150,0,0.226804124,0.462846911
loggingDDMTable,LOGGING_1_1_3,44,150,353,0.226804124,0.462846911
loggingDDMTable,LOGGING_1_2_RC1,44,146,0,0.231578947,0.469573115
loggingDDMTable,LOGGING_1_2_RC2,44,146,0,0.231578947,0.469573115
mahoutDDMTable,mahout-collection-codegen-plugin-1.0,0,5,0,0,0
mahoutDDMTable,mahout-collections-1.0,22,274,0,0.074324324,0.19084533
mahoutDDMTable,mahout-0.7,168,1791,31193,0.08575804,0.216021011
mahoutDDMTable,mahout-0.8,203,1926,36660,0.09534993,0.236414996
mahoutDDMTable,mahout-0.10.0,191,1481,452,0.11423445,0.274752854
mahoutDDMTable,mahout-0.10.1,209,1955,618,0.096580407,0.238984989
mathDDM,MATH_2_0_RC1,144,2063,18847,0.065246942,0.170152856
mathDDM,MATH_2_0_RC2,144,2063,18847,0.065246942,0.170152856
mathDDM,MATH_2_0_RC3,144,2063,20679,0.065246942,0.170152856
mathDDM,MATH_2_0_RC4,142,2062,0,0.064428312,0.168254929
mathDDM,MATH_2_0,142,2062,35062,0.064428312,0.168254929
mathDDM,MATH_2_1_RC1,143,1889,252,0.070374016,0.181919069
mathDDM,MATH_2_1_RC2,143,1911,19263,0.069620253,0.180202161
mathDDM,MATH_2_1_RC3,143,1911,0,0.069620253,0.180202161
mathDDM,MATH_2_1,143,1911,25293,0.069620253,0.180202161
mathDDM,MATH_2_2_RC1,162,2560,0,0.059515062,0.156750525
mathDDM,MATH_2_2_RC2,162,2560,1690,0.059515062,0.156750525
mathDDM,MATH_2_2_RC3,159,2473,0,0.060410334,0.158861419
mathDDM,MATH_2_2_RC4,159,2473,0,0.060410334,0.158861419
mathDDM,MATH_2_2_RC5,159,2473,0,0.060410334,0.158861419
mathDDM,MATH_2_2_RC6,159,2473,0,0.060410334,0.158861419
mathDDM,MATH_2_2,159,2473,339170,0.060410334,0.158861419
mathDDM,MATH_3_0_RC1,265,1734,0,0.132566283,0.309833578
mathDDM,trunk_tmp_2012-03-01,326,1750,397,0.157032755,0.353677116
mathDDM,MATH_3_0_RC2,322,1731,57,0.156843643,0.353350455
mathDDM,MATH_3_0_RC3,322,1731,0,0.156843643,0.353350455
mathDDM,MATH_3_0,322,1731,41093,0.156843643,0.353350455
mathDDM,MATH_3_1_RC1,0,0,24,#DIV/0!,#DIV/0!
mathDDM,MATH_3_1_RC2,0,0,42,#DIV/0!,#DIV/0!
mathDDM,MATH_3_1_RC3,0,0,0,#DIV/0!,#DIV/0!
mathDDM,MATH_3_1_RC4,0,0,107,#DIV/0!,#DIV/0!
mathDDM,MATH_3_1_RC5,0,0,0,#DIV/0!,#DIV/0!
mathDDM,MATH_3_1,0,0,922,#DIV/0!,#DIV/0!
mathDDM,MATH_3_1_1_RC1,0,0,0,#DIV/0!,#DIV/0!
mathDDM,MATH_3_1_1,0,0,7801,#DIV/0!,#DIV/0!
mathDDM,MATH_3_2_RC1,0,0,0,#DIV/0!,#DIV/0!
mathDDM,MATH_3_2_RC2,0,0,20,#DIV/0!,#DIV/0!
mathDDM,MATH_3_2_RC3,0,0,0,#DIV/0!,#DIV/0!
mathDDM,MATH_3_2_RC4,0,0,154,#DIV/0!,#DIV/0!
mathDDM,MATH_3_2_RC5,0,0,0,#DIV/0!,#DIV/0!
mathDDM,MATH_3_2,0,0,15405,#DIV/0!,#DIV/0!
mathDDM,MATH_3_3_RC1,0,0,551,#DIV/0!,#DIV/0!
mathDDM,MATH_3_3_RC2,0,0,668,#DIV/0!,#DIV/0!
mathDDM,MATH_3_3_RC3,0,0,0,#DIV/0!,#DIV/0!
mathDDM,MATH_3_3,0,0,25842,#DIV/0!,#DIV/0!
mathDDM,MATH_3_4_RC1,0,0,0,#DIV/0!,#DIV/0!
mathDDM,MATH_3_4_RC2,0,0,4,#DIV/0!,#DIV/0!
mathDDM,MATH_3_4,0,0,0,#DIV/0!,#DIV/0!
mathDDM,MATH_3_4_RC3,0,0,19,#DIV/0!,#DIV/0!
mathDDM,MATH_3_4_1_RC1,0,0,1643,#DIV/0!,#DIV/0!
mathDDM,MATH_3_5_RC1,0,0,3,#DIV/0!,#DIV/0!
mathDDM,MATH_3_5,0,0,0,#DIV/0!,#DIV/0!
mathDDM,MATH_3_5_RC2,0,0,27111,#DIV/0!,#DIV/0!
mathDDM,MATH_3_6_RC1,0,0,679,#DIV/0!,#DIV/0!
mathDDM,MATH_3_6,0,0,0,#DIV/0!,#DIV/0!
mathDDM,MATH_3_6_RC2,0,0,59,#DIV/0!,#DIV/0!
mathDDM,MATH_3_6_1,0,0,0,#DIV/0!,#DIV/0!
minaDDM,0.9.1,0,0,4795,#DIV/0!,#DIV/0!
minaDDM,0.9.2,0,0,2797,#DIV/0!,#DIV/0!
minaDDM,0.9.3,0,0,10641,#DIV/0!,#DIV/0!
minaDDM,0.9.4,0,0,17265,#DIV/0!,#DIV/0!
minaDDM,1.0.10,136,493,0,0.216216216,0.447619048
minaDDM,1.0.6,233,730,414,0.241952233,0.483893774
minaDDM,1.0.7,137,486,253,0.219903692,0.452972212
minaDDM,1.0.8,137,486,172,0.219903692,0.452972212
minaDDM,1.0.9,136,486,9155,0.218649518,0.451157538
minaDDM,1.1.2,500,657,828,0.432152118,0.690932612
minaDDM,1.1.3,284,449,478,0.38744884,0.65010715
minaDDM,1.1.4,284,452,275,0.385869565,0.648590865
minaDDM,1.1.5,274,452,207,0.377410468,0.640377921
minaDDM,1.1.6,271,452,281,0.374827109,0.63783865
minaDDM,1.1.7,271,459,86397,0.371232877,0.634281161
minaDDM,2.0.0,351,1053,0,0.25,0.494736842
minaDDM,2.0.0-M2,215,868,1400,0.198522622,0.421164506
minaDDM,2.0.0-M3,224,888,7255,0.201438849,0.425614489
minaDDM,2.0.0-M4,418,1036,2783,0.287482806,0.542377561
minaDDM,2.0.0-M5,419,1037,6116,0.287774725,0.542731156
minaDDM,2.0.0-M6,347,1046,11235,0.249102656,0.493539113
minaDDM,2.0.0-RC1,344,1032,95701,0.25,0.494736842
minaDDM,2.0.1,356,1052,213,0.252840909,0.498510309
minaDDM,2.0.2,356,1054,4425,0.25248227,0.49803548
minaDDM,2.0.3,359,1064,176,0.252283907,0.497772664
minaDDM,2.0.4,359,1065,1632,0.252106742,0.497537817
minaDDM,2.0.5,362,1079,13291,0.251214434,0.496353346
minaDDM,2.0.6,371,1125,665,0.247994652,0.492056325
minaDDM,2.0.7,390,11625.75701,1886,0.032457381,0.089702508
minaDDM,3.0.0-M1,41,238,0,0.146953405,0.336006975
minaDDM,mina-parent-3.0.0-M1,41,238,923,0.146953405,0.336006975
minaDDM,3.0.0-M2,41,215,0,0.16015625,0.359046022
minaDDM,2.0.9,361,1045,2331,0.256756757,0.503666103
minaDDM,2.0.10,362,1044,5127,0.257467994,0.504596951
minaDDM,2.0.11,313,958,356,0.246262785,0.489730018
minaDDM,2.0.12,314,1001,47,0.23878327,0.479560668
minaDDM,2.0.13,314,999,817,0.239146992,0.480059853
minaDDM,2.0.14,321,1141,428,0.219562244,0.452478781
minaDDM,2.0.15,320,1136,21,0.21978022,0.452793834
minaDDM,2.0.16,320,1136,10226,0.21978022,0.452793834
minaDDM,2.0.17,160,899,664,0.15108593,0.343316289
minaDDM,2.0.18,160,872,303,0.15503876,0.350223547
netDDM,NET_1_5_0,57,1315,3196,0.04154519,0.112947426
netDDM,NET_2_0_RC2,128,1235,787,0.093910492,0.233395407
netDDM,NET_2_0_RC3,128,1231,760,0.094186902,0.233976353
netDDM,NET_2_0_RC_3,49,1222,11853,0.038552321,0.105376344
netDDM,NET_2_0,43,1197,0,0.034677419,0.095451755
netDDM,NET_2_0_RC_4,43,1197,0,0.034677419,0.095451755
netDDM,NET_2_0_RC_5,43,1197,0,0.034677419,0.095451755
netDDM,NET_1_5_0_RC1,46,1158,5688,0.03820598,0.104494925
netDDM,NET_1_5_0_RC2,46,1158,5461,0.03820598,0.104494925
netDDM,NET_1_5_0_RC3,46,1161,3196,0.038111019,0.104253062
netDDM,NET_2_1_RC1,46,1198,0,0.036977492,0.101359587
netDDM,NET_1_5_0_RC4,46,1161,3196,0.038111019,0.104253062
netDDM,NET_2_1_RC_2,46,1199,0,0.036947791,0.101283613
netDDM,NET_2_1_RC_3,46,1199,11599,0.036947791,0.101283613
netDDM,NET_2_1_RC_4,48,1196,243,0.038585209,0.105459985
netDDM,commons-net-2.1,47,1194,0,0.037872683,0.103645662
netDDM,commons-net-2.1-rc4,47,1194,162,0.037872683,0.103645662
netDDM,NET_2_1_RC_5,47,1206,4,0.037509976,0.102720298
netDDM,NET_2_1_RC_6,47,1206,241,0.037509976,0.102720298
netDDM,NET_2_1_r924745,47,1194,58005,0.037872683,0.103645662
netDDM,commons-net-2.2RC1,47,1211,0,0.03736089,0.102339588
netDDM,NET_2_2_RC1,47,1211,0,0.03736089,0.102339588
netDDM,NET_2_2_RC2,47,1211,0,0.03736089,0.102339588
netDDM,NET_2_2_RC3,47,1211,0,0.03736089,0.102339588
netDDM,NET_2_2,47,1211,9188,0.03736089,0.102339588
netDDM,commons-net-3.0-RC1,57,1340,16,0.040801718,0.111074257
netDDM,NET_3_0_RC2,57,1337,136,0.040889527,0.11129575
netDDM,NET_3_0_RC3,56,1348,0,0.03988604,0.108760331
netDDM,NET_3_0_RC4,56,1348,55,0.03988604,0.108760331
netDDM,NET_3_0_RC5,56,1348,0,0.03988604,0.108760331
netDDM,NET_3_0_RC1,56,1348,0,0.03988604,0.108760331
netDDM,NET_3_0,56,1348,37,0.03988604,0.108760331
netDDM,NET_3_0_1RC1,55,1348,0,0.039201711,0.107026042
netDDM,NET_3_0_1RC2,55,1348,0,0.039201711,0.107026042
netDDM,NET_3_0_1RC3,55,1348,0,0.039201711,0.107026042
netDDM,NET_3_0_1,55,1348,2075,0.039201711,0.107026042
netDDM,NET_3_1_RC2,55,1354,0,0.039034776,0.106602334
netDDM,NET_3_1,55,1354,1442,0.039034776,0.106602334
netDDM,NET_3_1_RC1,51,1383,0,0.035564854,0.097737003
netDDM,NET_3_2_RC1,51,1383,0,0.035564854,0.097737003
netDDM,NET_3_2,51,1383,1721,0.035564854,0.097737003
netDDM,NET_3_3_RC1,51,1398,0,0.035196687,0.096789824
netDDM,NET_3_3,51,1398,7220,0.035196687,0.096789824
netDDM,NET_3_4_RC1,38,1472,0,0.025165563,0.070487016
netDDM,NET_3_4_RC2,38,1472,0,0.025165563,0.070487016
netDDM,NET_3_4,38,1472,304,0.025165563,0.070487016
netDDM,NET_3_5_RC1,38,1473,257,0.025148908,0.070442534
netDDM,NET_3_5_RC2,34,1474,0,0.022546419,0.063458026
netDDM,NET_3_5_RC3,34,1474,0,0.022546419,0.063458026
netDDM,NET_3_5,34,1474,3024,0.022546419,0.063458026
netDDM,NET_3_6_RC1,33,1463,0,0.022058824,0.062141913
olingoDDMTable,2.0.4-RC01,228,1088,0,0.17325228,0.381026881
olingoDDMTable,2.0.4,228,1088,4514,0.17325228,0.381026881
olingoDDMTable,2.0.5,223,1088,3148,0.170099161,0.375811252
olingoDDMTable,2.0.6-RC01,0,0,0,#DIV/0!,#DIV/0!
olingoDDMTable,2.0.6,222,1093,1979,0.168821293,0.373683834
olingoDDMTable,2.0.7-RC01,222,1094,0,0.168693009,0.373469826
olingoDDMTable,2.0.7,222,1094,7646,0.168693009,0.373469826
olingoDDMTable,2.0.8-RC01,220,1111,0,0.165289256,0.367762128
olingoDDMTable,2.0.8,0,0,2233,#DIV/0!,#DIV/0!
olingoDDMTable,2.0.9-RC01,220,1125,0,0.163568773,0.364855328
olingoDDMTable,2.0.9,220,1125,2575,0.163568773,0.364855328
openMeetingsDDMTable,3.3.0,243,2699,6642,0.082596873,0.209156671
openMeetingsDDMTable,3.3.1RC1,248,2625,0,0.086320919,0.217235724
openMeetingsDDMTable,3.3.1RC2,0,0,22,#DIV/0!,#DIV/0!
openMeetingsDDMTable,3.3.1RC3,248,2625,1150,0.086320919,0.217235724
openMeetingsDDMTable,3.3.2RC1,0,0,114796,#DIV/0!,#DIV/0!
openMeetingsDDMTable,4.0.0RC1,51,1471,64,0.033508541,0.092430494
openMeetingsDDMTable,4.0.0RC2,0,0,2904,#DIV/0!,#DIV/0!
poolDDM,POOL_1_4_RC1,12,548,1577,0.021428571,0.060437205
poolDDM,POOL_1_4_RC2,12,548,0,0.021428571,0.060437205
poolDDM,POOL_1_4_RC3,12,548,0,0.021428571,0.060437205
poolDDM,POOL_1_4,12,548,11219,0.021428571,0.060437205
poolDDM,POOL_1_5_RC1,10,572,272,0.017182131,0.048846394
poolDDM,POOL_1_5_RC2,10,574,264,0.017123288,0.048684483
poolDDM,POOL_1_5_RC3,10,574,0,0.017123288,0.048684483
poolDDM,POOL_1_5,10,574,64,0.017123288,0.048684483
poolDDM,POOL_1_5_1_RC1,10,574,0,0.017123288,0.048684483
poolDDM,POOL_1_5_1,10,574,380,0.017123288,0.048684483
poolDDM,POOL_1_5_2_RC1,10,575,51,0.017094017,0.04860393
poolDDM,POOL_1_5_2_RC2,10,575,0,0.017094017,0.04860393
poolDDM,POOL_1_5_2,10,575,44,0.017094017,0.04860393
poolDDM,POOL_1_5_3_RC1,10,575,0,0.017094017,0.04860393
poolDDM,POOL_1_5_3,10,575,59,0.017094017,0.04860393
poolDDM,POOL_1_5_4_RC1,10,575,0,0.017094017,0.04860393
poolDDM,POOL_1_5_4,10,575,3330,0.017094017,0.04860393
poolDDM,POOL_1_5_5_RC1,10,741,0,0.013315579,0.03813078
poolDDM,POOL_1_5_5_RC2,10,741,0,0.013315579,0.03813078
poolDDM,POOL_1_5_5,10,741,429,0.013315579,0.03813078
poolDDM,POOL_1_5_6_RC1,10,753,0,0.01310616,0.037545934
poolDDM,POOL_1_5_6_RC2,10,753,0,0.01310616,0.037545934
poolDDM,POOL_1_5_6,10,753,110,0.01310616,0.037545934
poolDDM,POOL_1_5_7_RC1,10,763,8,0.012936611,0.037072093
poolDDM,POOL_1_5_7_RC2,10,763,0,0.012936611,0.037072093
poolDDM,POOL_1_5_7_RC3,10,763,0,0.012936611,0.037072093
poolDDM,POOL_1_5_7,10,763,3562,0.012936611,0.037072093
poolDDM,POOL_1_6_RC1,10,932,0,0.010615711,0.030555194
poolDDM,POOL_1_6_RC2,10,932,48,0.010615711,0.030555194
poolDDM,POOL_1_6_RC3,10,932,0,0.010615711,0.030555194
poolDDM,POOL_1_6_RC4,10,932,0,0.010615711,0.030555194
poolDDM,POOL_1_6,10,932,12401,0.010615711,0.030555194
poolDDM,POOL_2_0_RC1,6,353,936,0.016713092,0.047554806
poolDDM,POOL_2_0_RC2,6,310,157,0.018987342,0.053796261
poolDDM,POOL_2_0_RC3,6,316,0,0.01863354,0.052828775
poolDDM,POOL_2_0_RC4,6,316,0,0.01863354,0.052828775
poolDDM,POOL_2_0,6,316,935,0.01863354,0.052828775
poolDDM,POOL_2_1_RC1,6,328,9,0.017964072,0.050994575
poolDDM,POOL_2_1_RC2,6,328,0,0.017964072,0.050994575
poolDDM,POOL_2_1,6,328,381,0.017964072,0.050994575
poolDDM,POOL_2_2_RC1,6,328,46,0.017964072,0.050994575
poolDDM,POOL_2_2_RC2,6,328,0,0.017964072,0.050994575
poolDDM,POOL_2_2,6,328,1382,0.017964072,0.050994575
poolDDM,POOL_2_3_RC1,5,341,42,0.014450867,0.04129327
poolDDM,POOL_2_3_RC2,5,341,0,0.014450867,0.04129327
poolDDM,POOL_2_3,5,341,506,0.014450867,0.04129327
poolDDM,POOL_2_4_RC1,5,346,0,0.014245014,0.040720846
poolDDM,POOL_2_4,5,346,0,0.014245014,0.040720846
poolDDM,POOL_2_4_1_RC1,5,346,0,0.014245014,0.040720846
poolDDM,POOL_2_4_1,5,346,30,0.014245014,0.040720846
poolDDM,POOL_2_4_2_RC1,5,347,0,0.014204545,0.04060826
poolDDM,POOL_2_4_2,5,347,5512,0.014204545,0.04060826
poolDDM,POOL_2.4.3,7,352,0,0.019498607,0.055192082
poolDDM,POOL_2.4.3-RC1,7,352,4832,0.019498607,0.055192082
poolDDM,POOL_2_5_0,6,361,0,0.016348774,0.046550017
poolDDM,POOL_2_5_0_RC1,6,361,1177,0.016348774,0.046550017
poolDDM,commons-pool-2.6.0-RC1,7,354,0,0.019390582,0.05489738
rollerDDMTable,roller_5.1.0-rc1,355,1085,0,0.246527778,0.49008665
rollerDDMTable,roller_5.1.0-rc2,355,1085,52,0.246527778,0.49008665
rollerDDMTable,roller_5.1.0-rc3,355,1087,602,0.246185853,0.489626434
rollerDDMTable,roller_5.1.0-ROL2051patch,351,1080,488,0.245283019,0.488409273
rollerDDMTable,roller_5.1.1-rc1,351,1366,0,0.204426325,0.430135843
rollerDDMTable,roller_5.1.1-rc2,351,1366,0,0.204426325,0.430135843
rollerDDMTable,roller_5.1.1,351,1366,397,0.204426325,0.430135843
rollerDDMTable,roller_5.1.2-rc1,351,1366,758,0.204426325,0.430135843
rollerDDMTable,roller-5.2.0-rc-2,601,1605,0,0.272438803,0.523800694
rollerDDMTable,roller-5.2.0-rc-3,601,1605,0,0.272438803,0.523800694
rollerDDMTable,roller-5.2.0-rc-4,601,1605,171,0.272438803,0.523800694
rollerDDMTable,roller-5.2.0-rc-5,601,1655,0,0.266400709,0.516143768
rollerDDMTable,roller-5.2.0-rc-6,601,1655,0,0.266400709,0.516143768
stormDDMTable,v0.9.1-incubating,0,0,0,#DIV/0!,#DIV/0!
stormDDMTable,v0.9.1.0-incubating,494,5111,1977246,0.088135593,0.221136446
stormDDMTable,v0.9.2-incubating,566,5473,1740,0.093724127,0.233003416
stormDDMTable,v0.9.2-incubating-security,579,6263,1962986,0.084624379,0.213567622
stormDDMTable,v0.9.3-rc1,0,0,18560,#DIV/0!,#DIV/0!
stormDDMTable,PRE_SECURITY_MERGE,588,5674,1569,0.093899713,0.233372741
stormDDMTable,v0.9.3,588,5680,795,0.093809828,0.233183705
stormDDMTable,v0.9.4,586,5695,6,0.093297246,0.232104633
stormDDMTable,v0.9.5,586,5695,8196282,0.093297246,0.232104633
stormDDMTable,v0.10.0-beta,498,3866,39,0.11411549,0.274518543
stormDDMTable,v0.10.0-beta1,498,3867,22643,0.114089347,0.274467037
stormDDMTable,v0.10.0,499,3877,6138,0.114031079,0.274352226
stormDDMTable,v0.9.6,584,5682,9910135,0.093201404,0.23190267
stormDDMTable,v0.10.1,499,3879,2020815,0.113978986,0.274249564
stormDDMTable,v0.9.7,584,5685,8197677,0.093156803,0.231808662
stormDDMTable,v0.10.2,499,3881,2024258,0.113926941,0.27414698
stormDDMTable,v1.0.3,0,0,324289,#DIV/0!,#DIV/0!
stormDDMTable,v1.0.4,0,0,331016,#DIV/0!,#DIV/0!
stormDDMTable,v1.0.5,0,0,386200,#DIV/0!,#DIV/0!
tikaDDMTable,0.1-incubating,81,141,6295,0.364864865,0.627906977
tikaDDMTable,0.2,134,185,10160,0.420062696,0.680276518
tikaDDMTable,0.2-rc1,134,185,0,0.420062696,0.680276518
tikaDDMTable,0.2-rc2,134,185,1535,0.420062696,0.680276518
tikaDDMTable,0.3,137,200,242,0.40652819,0.668015354
tikaDDMTable,0.4,156,241,3631,0.392947103,0.655345013
tikaDDMTable,0.1,299,1235,3575,0.194915254,0.415609381
tikaDDMTable,1,258,993,5791,0.206235012,0.432855001
tikaDDMTable,1.1,264,1022,10803,0.205287714,0.431432545
tikaDDMTable,1.2,343,1411,2194,0.195553022,0.416595602
tikaDDMTable,tika-1.3,356,1434,0,0.198882682,0.421715899
tikaDDMTable,1.3,356,1434,1647,0.198882682,0.421715899
tikaDDMTable,1.4,374,1474,2,0.202380952,0.427044361
tikaDDMTable,1.4-rc2,374,1474,5672,0.202380952,0.427044361
tikaDDMTable,1.5-rc1,377,1513,0,0.199470899,0.422615498
tikaDDMTable,1.5-rc2,377,1513,0,0.199470899,0.422615498
tikaDDMTable,1.5,377,1513,5886,0.199470899,0.422615498
tikaDDMTable,1.6,0,0,1844,#DIV/0!,#DIV/0!
tikaDDMTable,1.6-rc2,379,1624,6025,0.189216176,0.406717355
tikaDDMTable,1.7-rc1,391,1708,13,0.186279181,0.402078547
tikaDDMTable,1.7-rc2,391,1708,973,0.186279181,0.402078547
tikaDDMTable,1.7-rc3,391,1707,0,0.186367969,0.402219353
tikaDDMTable,1.7,391,1707,11177,0.186367969,0.402219353
tikaDDMTable,1.8-rc1,441,2009,885,0.18,0.392029657
tikaDDMTable,1.8-rc2,442,2010,0,0.180261011,0.392450977
tikaDDMTable,1.8,442,2010,25706,0.180261011,0.392450977
tikaDDMTable,1.9-rc1,474,2278,205,0.172238372,0.379354971
tikaDDMTable,1.9-rc2,477,2290,5032,0.172388869,0.379603447
tikaDDMTable,1.10-rc1,502,2648,0,0.159365079,0.357690792
tikaDDMTable,1.1,502,2648,11039,0.159365079,0.357690792
tikaDDMTable,1.11-rc1,506,2673,1269,0.15916955,0.357355372
tikaDDMTable,1.12-rc1,516,2696,57613,0.160647572,0.359886033
tikaDDMTable,1.13,535,2770,0,0.161875946,0.361980854
tikaDDMTable,1.13-rc1,535,2770,42475,0.161875946,0.361980854
tikaDDMTable,1.14-rc1,568,2902,64872,0.163688761,0.365058528
tikaDDMTable,1.15-rc1,774,3285,7,0.190687361,0.409026513
tikaDDMTable,1.15,774,3285,17052,0.190687361,0.409026513
tikaDDMTable,1.16,785,3284,41631,0.192922094,0.412515793
tikaDDMTable,1.17,782,3414,1099,0.186367969,0.402219353
tikaDDMTable,1.18-rc1,791,3477,480,0.185332709,0.400575375
tikaDDMTable,1.18-rc2,791,3481,79,0.185159176,0.400299333
tobagoDDMTable,tobago-3.0.0-alpha-1,254,1491,4129,0.145558739,0.333519584
tobagoDDMTable,tobago-3.0.0-alpha-2,248,1754,9757,0.123876124,0.293454179
tobagoDDMTable,tobago-3.0.0-alpha-3,190,2153,188022,0.081092616,0.205864724
tobagoDDMTable,tobago-3.0.0-alpha-4,190,2175,1922,0.080338266,0.204207638
tobagoDDMTable,tobago-3.0.0-alpha-5,192,2185,84,0.080774085,0.205165515
tobagoDDMTable,tobago-3.0.0-alpha-6,189,2117,939,0.081960104,0.207765174
tobagoDDMTable,tobago-3.0.0-beta-1,178,2044,1293,0.080108011,0.203700998
tobagoDDMTable,tobago-3.0.0,132,1644,231,0.074324324,0.19084533
tobagoDDMTable,tobago-3.0.1,132,1649,62,0.074115665,0.190376826
tobagoDDMTable,tobago-3.0.2,132,1649,255,0.074115665,0.190376826
tobagoDDMTable,tobago-3.0.3,93,1352.5,12,0.064337599,0.168044289
tobagoDDMTable,tobago-4.2.0,7,64,12,0.098591549,0.243163341
velocityDDMTable,Velocity_1.5,0,1,14736,0,0
velocityDDMTable,velocity-engine-parent-2.0.0,298,780,0,0.276437848,0.528807672
velocityDDMTable,2.0-RC1,298,780,721,0.276437848,0.528807672
velocityDDMTable,2.0-RC2,298,780,386,0.276437848,0.528807672
velocityDDMTable,2.0-RC3,298,794,8,0.272893773,0.524372894
velocityDDMTable,2.0-RC4,295,37090.66667,899,0.007890725,0.022829973
velocityDDMTable,2.0-RC5,294,785,3666,0.272474513,0.523845629
velocityDDMTable,2.0-RC6,289,698,3701,0.292806484,0.548785908
velocityDDMTable,2.0-RC7,280,679,52,0.291970803,0.547785548
