Rule ID, Results ID,Severity
S899,no,MINOR
S4524,yes,CRITICAL
S4499,yes,CRITICAL
S4454,yes,CRITICAL
S4449,no,MAJOR
S4435,yes,CRITICAL
S4434,yes,BLOCKER
S4433,yes,CRITICAL
S4432,yes,CRITICAL
S4426,yes,BLOCKER
S4425,no,MAJOR
S4424,yes,MAJOR
S4423,no,MAJOR
S4351,no,MAJOR
S4349,no,MINOR
S4348,no,MAJOR
S4347,yes,CRITICAL
S4275,no,CRITICAL
S4274,no,MAJOR
S4201,yes,MINOR
S4165,no,MAJOR
S4144,no,MAJOR
S4143,no,MAJOR
S4087,no,MINOR
S4065,no,MINOR
S4042,no,MAJOR
S4034,yes,MINOR
S4032,no,MINOR
S3986,no,MAJOR
S3985,no,MAJOR
S3984,no,MAJOR
S3981,no,MAJOR
S3973,yes,CRITICAL
S3972,no,CRITICAL
S3959,no,MAJOR
S3958,no,MAJOR
S3923,no,MAJOR
S3878,no,MINOR
S3824,no,MAJOR
S3776,no,CRITICAL
S3725,no,MAJOR
S3655,no,MAJOR
S3631,yes,MAJOR
S3626,no,MINOR
S3599,no,MINOR
S3518,no,CRITICAL
S3516,no,BLOCKER
S3510,no,BLOCKER
S3457,no,MAJOR
S3438,yes,MAJOR
S3436,yes,MAJOR
S3422,no,CRITICAL
S3421,no,MINOR
S3415,yes,MAJOR
S3400,no,MINOR
S3398,no,MINOR
S3358,no,MAJOR
S3355,yes,CRITICAL
S3346,no,MAJOR
S3281,no,BLOCKER
S3067,no,MAJOR
S3066,yes,MINOR
S3046,yes,BLOCKER
S3042,no,MAJOR
S3038,no,MINOR
S3034,no,MAJOR
S3027,no,MAJOR
S3020,no,MINOR
S3010,no,MAJOR
S3008,no,MINOR
S2976,yes,CRITICAL
S2975,no,BLOCKER
S2970,no,BLOCKER
S2925,no,MAJOR
S2924,no,MINOR
S2912,no,MINOR
S2886,no,MAJOR
S2885,no,MAJOR
S2864,no,MAJOR
S2789,no,MAJOR
S2786,no,MINOR
S2761,no,MAJOR
S2757,no,MAJOR
S2737,no,MINOR
S2718,yes,MAJOR
S2696,no,CRITICAL
S2695,no,BLOCKER
S2692,no,CRITICAL
S2681,no,MAJOR
S2677,no,MAJOR
S2676,no,MINOR
S2675,no,MAJOR
S2674,yes,MINOR
S2653,no,CRITICAL
S2639,no,MAJOR
S2638,no,CRITICAL
S2637,no,MINOR
S2629,no,MAJOR
S2589,no,MAJOR
S2583,no,MAJOR
S2447,yes,CRITICAL
S2446,no,MAJOR
S2445,yes,MAJOR
S2442,no,MAJOR
S2441,yes,MAJOR
S2440,no,MAJOR
S2438,no,MAJOR
S2437,no,BLOCKER
S2391,no,BLOCKER
S2390,yes,CRITICAL
S2388,no,MAJOR
S2387,no,BLOCKER
S2386,yes,MINOR
S2326,no,MAJOR
S2293,no,MINOR
S2278,no,BLOCKER
S2277,yes,CRITICAL
S2276,no,BLOCKER
S2275,no,BLOCKER
S2274,no,CRITICAL
S2273,no,MAJOR
S2272,yes,MINOR
S2259,no,MAJOR
S2254,no,CRITICAL
S2252,no,MAJOR
S2251,no,MAJOR
S2236,no,BLOCKER
S2235,no,CRITICAL
S2234,no,MAJOR
S2232,no,MAJOR
S2230,no,MAJOR
S2226,no,MAJOR
S2222,no,MAJOR
S2209,yes,CRITICAL
S2204,no,MAJOR
S2201,no,MAJOR
S2200,no,MAJOR
S2189,no,MINOR
S2188,no,BLOCKER
S2187,no,BLOCKER
S2186,no,BLOCKER
S2185,no,CRITICAL
S2184,no,MAJOR
S2183,no,MINOR
S2178,no,MINOR
S2177,no,BLOCKER
S2176,no,MAJOR
S2175,no,CRITICAL
S2168,yes,MAJOR
S2167,no,BLOCKER
S2166,no,MINOR
S2165,no,MAJOR
S2160,yes,MINOR
S2159,no,MINOR
S2157,no,MAJOR
S2154,no,CRITICAL
S2153,no,MAJOR
S2151,yes,MINOR
S2147,no,CRITICAL
S2142,yes,MINOR
S2140,yes,MAJOR
S2134,yes,MINOR
S2133,yes,MAJOR
S2131,yes,MAJOR
S2130,yes,MAJOR
S2129,yes,MINOR
S2127,no,MAJOR
S2123,yes,MAJOR
S2122,yes,MAJOR
S2118,yes,CRITICAL
S2116,yes,MAJOR
S2114,yes,MAJOR
S2112,yes,MAJOR
S2111,no,MAJOR
S2110,yes,MAJOR
S2109,yes,MAJOR
S2097,no,MAJOR
S2095,no,MINOR
S2094,no,BLOCKER
S2093,no,MINOR
S2092,no,CRITICAL
S2077,yes,MINOR
S2068,yes,CRITICAL
S2066,yes,BLOCKER
S2065,yes,MINOR
S2062,no,MINOR
S2061,yes,CRITICAL
S2060,no,MAJOR
S2055,yes,MAJOR
S1994,yes,MINOR
S1989,yes,CRITICAL
S1948,yes,MINOR
S1940,no,CRITICAL
S1905,yes,MINOR
S1874,no,MINOR
S1872,no,MINOR
S1871,yes,MAJOR
S1862,yes,MAJOR
S1860,yes,MAJOR
S1858,yes,MAJOR
S1854,yes,MINOR
S1849,yes,MAJOR
S1845,yes,MAJOR
S1844,no,BLOCKER
S1764,yes,MAJOR
S1751,no,MAJOR
S1710,yes,MAJOR
S1700,yes,MINOR
S1659,no,MAJOR
S1656,no,MINOR
S1643,yes,MAJOR
S1640,no,MINOR
S1612,no,MINOR
S1611,no,MINOR
S1610,yes,MINOR
S1607,no,MINOR
S1604,no,MAJOR
S1602,no,MAJOR
S1598,no,MINOR
S1596,no,CRITICAL
S1488,no,MINOR
S1481,no,MINOR
S1479,no,MINOR
S1452,no,MAJOR
S1450,no,CRITICAL
S1444,no,MINOR
S135,no,MINOR
S1319,no,MINOR
S1317,no,MINOR
S1313,yes,MAJOR
S131,no,MINOR
S1301,no,CRITICAL
S128,no,MINOR
S127,no,BLOCKER
S1264,no,MAJOR
S125,no,MINOR
S1226,no,MAJOR
S1223,no,MINOR
S1221,no,MAJOR
S1220,yes,MAJOR
S1219,no,MINOR
S1217,no,BLOCKER
S1215,no,MAJOR
S1214,yes,CRITICAL
S1210,no,CRITICAL
S1206,no,MINOR
S1201,no,MINOR
S120,no,MAJOR
S1199,no,MINOR
S1197,no,MINOR
S1195,no,MINOR
S1193,no,MINOR
S1192,no,MAJOR
S1191,no,CRITICAL
S1190,no,MAJOR
S119,no,BLOCKER
S1186,yes,MINOR
S1185,no,CRITICAL
S1182,no,MINOR
S1181,no,MINOR
S1175,no,MAJOR
S1174,no,CRITICAL
S1172,no,CRITICAL
S1171,no,MAJOR
S1170,no,MAJOR
S117,no,MINOR
S1168,no,MINOR
S1165,no,MAJOR
S1163,no,MINOR
S1161,yes,CRITICAL
S116,no,MAJOR
S1158,no,MINOR
S1157,no,MINOR
S1155,no,MINOR
S1153,no,MINOR
S1150,no,MINOR
S115,no,MAJOR
S1149,no,CRITICAL
S1148,no,MAJOR
S1144,no,MINOR
S1143,no,MAJOR
S1141,no,MAJOR
S114,no,MAJOR
S1135,no,MINOR
S1134,no,INFO
S1133,no,MAJOR
S1130,no,INFO
S1128,no,MINOR
S1126,no,MINOR
S1125,no,MINOR
S1124,yes,MINOR
S1123,no,MINOR
S1121,no,MAJOR
S112,no,MAJOR
S1119,no,MAJOR
S1118,no,MAJOR
S1117,no,MAJOR
S1116,no,MAJOR
S1114,yes,MINOR
S1113,yes,CRITICAL
S1111,no,CRITICAL
S1110,no,MAJOR
S1104,no,MAJOR
S110,no,MINOR
S108,yes,MAJOR
S1075,no,MAJOR
S107,no,MINOR
S1068,no,MAJOR
S1066,no,MAJOR
S1065,no,MAJOR
S106,no,MAJOR
S101,no,MAJOR
S100,no,MINOR
missing,no,MINOR
