Project ID,Group ID,Average Value,Value Standard Deviation,Average Adjusted
apexDDM,yes,133.225,389.3307712,1.6653125
apexDDM,no,238.5021277,901.6321908,1.014902671
ariesjpaDDMTable,yes,0.875,3.175590496,0.0109375
ariesjpaDDMTable,no,1.365957447,7.690427224,0.005812585
avroDDMTable,yes,27.9125,64.52483897,0.34890625
avroDDMTable,no,48.39148936,153.6650126,0.205921231
axiomDDMTable,yes,5.347513135,14.61824442,0.066843914
axiomDDMTable,no,228.2482388,2351.482874,0.971269101
bigtopDDM,yes,0,0,0
bigtopDDM,no,0.017021277,0.158877912,7.24E-05
calciteDDM,yes,38.61358696,176.9895238,0.482669837
calciteDDM,no,80.24468085,260.0147965,0.341466727
commonsDaemonDDMTable,yes,4.0375,26.92742271,0.05046875
commonsDaemonDDMTable,no,9.446453901,43.02551609,0.040197676
commonsJexlDDMTable,yes,4.9375,17.83770147,0.06171875
commonsJexlDDMTable,no,258.7608115,1778.929684,1.101109836
deltaSpikeddmTable,yes,23.025,61.91505774,0.2878125
deltaSpikeddmTable,no,39.97021277,141.9864661,0.170086012
fileUploadDDMTable,yes,3.575,19.38283712,0.0446875
fileUploadDDMTable,no,10.22553191,51.95771795,0.043512902
fileUploadDDMTable,yes,3.575,19.38283712,0.0446875
fileUploadDDMTable,no,10.22553191,51.95771795,0.043512902
helixDDMTable,yes,64.1125,320.9471138,0.80140625
helixDDMTable,no,152.7191489,602.6133423,0.649868719
httpDDMTable,yes,78.375,295.4005067,0.9796875
httpDDMTable,no,87.69787234,367.8015396,0.373182435
JCSDDM,yes,8.2625,29.99155871,0.10328125
JCSDDM,no,22.97021277,81.71827035,0.097745586
langDDMTable,yes,65.575,280.6290156,0.8196875
langDDMTable,no,99.70638298,357.6720044,0.424282481
loggingDDMTable,yes,4.95,24.72544236,0.061875
loggingDDMTable,no,5.8,23.30935343,0.024680851
mahoutDDMTable,yes,9.9125,23.57286244,0.12390625
mahoutDDMTable,no,31.62553191,97.21980025,0.134576732
mathDDM,yes,49.55,167.7743946,0.619375
mathDDM,no,187.6468085,1399.840772,0.798497057
minaDDM,yes,132.525,487.035342,1.6565625
minaDDM,no,176.8032213,546.7354537,0.752354133
netDDM,yes,32.4625,91.05080227,0.40578125
netDDM,no,282.1659574,1203.914616,1.200706202
olingoDDMTable,yes,25.0625,88.75561162,0.31328125
olingoDDMTable,no,42.15319149,124.0203224,0.179375283
openMeetingsDDMTable,yes,9.875,30.79747352,0.1234375
openMeetingsDDMTable,no,40.08510638,141.8400402,0.170574921
poolDDM,yes,5.9,21.54680951,0.07375
poolDDM,no,128.9914894,695.6251619,0.548899955
rollerDDMTable,yes,72.8125,266.0475565,0.91015625
rollerDDMTable,no,76.28085106,257.5797291,0.324599366
stormDDMTable,yes,95.6,373.3966925,1.195
stormDDMTable,no,299.2680851,1213.607063,1.273481213
tikaDDMTable,yes,213.8875,622.540099,2.67359375
tikaDDMTable,no,317.1787234,783.0847798,1.349696695
tobagoDDMTable,yes,24.2125,68.02751167,0.30265625
tobagoDDMTable,no,86.28723404,356.9799319,0.367179719
velocityDDMTable,yes,32.875,216.4357511,0.4109375
velocityDDMTable,no,183.2453901,2078.371177,0.779767617
